,Shared topic 1,Shared topic 2,Shared topic 3,Shared topic 4,Shared topic 5,Shared topic 6,Shared topic 7,Shared topic 9,Shared topic 10,ATAC private topic 1,ATAC private topic 2,ATAC private topic 8
85.02883948530474,-4.9568505,-9.618303,3.0529566,-0.43199822,3.022217,3.2470593,-5.043035,-4.7927933,2.3643196,-28.303226,8.468148,-3.0722322
95.06068721922534,-5.27182,-5.0331783,2.9829361,1.3521501,1.5454438,2.3260834,-5.236019,-4.0275393,3.4484518,-19.079868,9.02661,-2.4665956
104.10721613216346,-0.10441918,-0.13848448,1.9435838,1.7820493,1.0911376,1.9033144,0.07075361,0.16742478,3.6753087,-4.727453,8.4045105,0.32825708
114.0663487757167,-5.4553847,-5.3146973,2.1785548,1.8436362,1.5809137,2.075241,-5.6395483,-5.203042,3.9018958,-22.683044,8.909001,0.40496203
120.10201086819092,-5.1118975,-8.164119,2.8096268,2.408579,3.0025787,1.8475097,0.22651832,-4.7946243,2.1751893,-19.55367,8.508622,-1.3432947
126.02200299722656,-4.3952765,-5.8510337,2.6567,1.969696,2.3312898,2.819599,-4.053904,-4.291967,3.0295546,-19.92157,8.305045,1.2323467
130.08648087626347,-4.104125,-5.176638,2.2269433,1.3860893,2.4335933,2.1133606,-4.2511845,-3.1598074,3.5927186,-12.6053,8.3683195,0.90948373
141.07147334429604,-5.061903,-9.137941,2.6834543,2.3920286,2.664207,2.439665,-5.080162,-4.832577,3.4947796,-27.401094,9.004395,-1.9126617
142.94804145265775,-4.47708,-1.9772172,0.4191024,2.5576475,1.4514085,1.060722,-4.9530964,-4.1706023,3.8721688,-17.82359,8.536671,1.0923738
146.16516858340012,-5.475485,-10.413235,2.7793844,2.7222514,1.8423223,2.886452,-5.407054,-5.325619,3.2079926,-30.394337,9.425016,-3.3980143
150.97673966710036,-5.0129604,-5.0612907,2.3466675,1.8404533,1.5516516,2.2351923,-4.5362663,-4.3334193,3.7241778,-17.437838,9.026,-0.5601954
156.07691831543409,-4.763477,-7.688081,1.7620881,2.7971053,2.5709352,2.503193,-2.014474,-4.8508706,3.4560926,-19.430855,8.8828945,-0.74740314
158.04032672175362,-4.9106646,-9.45772,3.243416,1.3425691,2.9615197,3.5062933,-4.9922824,-4.729825,-2.377957,-28.05544,7.1407475,-3.812927
160.13314159280725,-5.5895834,-8.24885,2.4544501,1.9144726,2.0245183,2.4844062,-5.5768523,-5.388258,3.7173584,-28.129286,9.268692,-1.783143
163.97769453157306,-5.0694056,-8.018123,2.6019082,2.161491,1.7610295,2.5760143,-4.8786116,-4.547726,3.5414636,-18.336802,9.0197525,-0.3105413
164.00826925149738,-3.6081917,-3.634796,2.0434768,1.931711,2.257065,2.2654169,-2.3418484,-4.1204567,3.492453,-11.706543,7.913624,1.4917657
169.98583471858657,-0.56533563,-2.9683673,1.6043379,2.1698039,1.442541,1.7860742,-2.8783152,-2.2684953,3.6919212,-10.114088,8.1657095,1.2759651
176.11822321817183,-5.3190484,-9.948183,3.2924333,2.9235275,1.6717435,2.7112615,-5.4239817,-5.0435996,2.9526305,-29.273193,9.955606,-3.401934
181.06253357277816,-5.2125087,-4.736719,3.0052836,0.94539785,1.8125434,2.9004412,-4.7382603,-4.8832545,3.4310176,-27.299253,9.652993,-3.4449105
184.07346765759067,-4.5406117,-9.075422,2.5049417,0.065139376,3.0206656,2.9821243,-4.7043595,-4.367535,2.8326674,-22.624077,7.2440615,-2.791872
185.05740413292418,-4.24086,-5.521028,0.72828937,2.448646,-0.9715063,1.4464753,-5.101379,-5.046107,4.0246716,-23.377491,8.60906,0.8277295
185.95976571022555,-5.069352,-9.5357,2.7362833,1.8785349,2.1759305,3.0930572,-5.025347,-4.9949694,3.2492967,-25.926966,8.40891,-2.1357524
185.9903670258029,-4.4255896,-3.5756092,-0.17118114,2.0662773,2.221259,1.8965477,-4.629645,-3.6825223,3.659128,-14.373012,8.190661,1.3318447
188.0766250994236,-4.4483986,-6.0519867,-0.5638404,2.6165586,-1.7058662,2.2010264,-4.183068,-4.083557,4.145305,-22.744558,9.053998,-2.1543763
195.0419453058757,-5.1287417,-7.466146,2.4400449,1.8788905,1.8230013,2.487607,-5.102768,-4.470558,3.6482248,-19.813627,8.937138,-0.8436621
195.06271277531698,-2.0979352,-3.916655,0.92715466,1.9115,0.9739696,1.2004119,-5.119979,-2.9498847,3.9507349,-18.286549,8.36586,1.0061704
197.05746415042407,-4.880163,-7.692766,2.5850608,1.8670121,1.9178306,2.6639383,-4.9633946,-4.7941766,3.6975799,-25.4429,9.195562,-2.0006237
202.09219427994782,-4.85837,-8.59411,2.4820745,1.6731349,2.065712,2.6853178,-5.108602,-4.6948304,3.61851,-25.028082,8.699369,-0.01423041
205.06005018215913,-4.2812023,-1.9107146,0.4190348,1.5086834,0.680775,1.0757009,-5.5286007,-4.8578258,4.1381598,-20.58874,8.321074,1.2464174
205.12064445969258,-5.1014442,-6.4616604,2.393371,2.0072465,2.0843909,2.325632,-5.221109,-4.6426234,3.83638,-24.260475,9.3548355,-0.9159806
206.05539519878883,-4.9280133,-5.6870413,2.0425458,2.0456789,2.1414723,2.3465319,-4.9514055,-4.817036,3.6301246,-19.08221,8.617608,0.38795704
211.0366937767653,-4.371647,-8.097507,2.4193964,1.7401038,2.4096484,2.85717,-4.783861,-4.4818764,3.6971707,-23.627449,8.72809,-1.6598
211.07315270468837,-5.188538,-6.5901685,2.4198103,1.7745773,1.9018811,2.475761,-5.220982,-4.1964393,3.7922719,-19.51967,8.984128,-1.0538027
215.06810475732192,-3.3579407,-3.567256,2.0358603,1.9911822,1.1776967,2.0972848,-5.101969,-3.694811,3.8852835,-15.202722,8.885908,0.7705499
216.22637378394234,-5.099067,-9.660067,2.7341378,2.6438253,2.7209146,3.0008733,-5.194685,-4.9926043,2.840343,-29.502945,9.225794,-3.649822
221.05748237296498,-5.002031,-8.648193,2.814893,0.8517406,2.2427628,3.0358284,-4.846439,-4.5047364,3.3406305,-26.249588,8.752861,-1.4471357
222.1963781206182,-5.749211,-8.970281,2.0967498,2.1222186,0.31041297,2.1872017,-5.814203,-5.644473,4.037077,-30.433197,9.36531,-2.7011745
223.10945238689277,-4.971345,-7.9444904,2.525853,1.6790247,2.2471106,2.7650957,-4.9721174,-4.4292464,3.728142,-23.658825,9.361446,-2.482129
227.06803885421309,-4.997293,-7.405222,2.4915535,1.9186401,1.816443,2.5546737,-5.1643114,-4.6887383,3.6132863,-22.05909,8.925921,-1.4237534
228.2264048730009,-5.486162,-4.0962186,-2.7890024,-3.006921,2.08719,-3.7066247,-5.689938,-5.2512417,4.275398,-25.232832,6.71662,1.1020561
231.06294028159982,-5.123943,-8.597038,2.7943134,2.2157538,2.1892984,2.8639016,-5.228013,-4.7281065,3.3819826,-25.507175,9.254654,-3.2776754
233.02111811266192,-5.049854,-7.2184,2.6287024,1.6065371,2.0022228,2.6998897,-5.048782,-4.8400126,3.6689117,-26.07993,8.954685,-0.44220743
234.0818681659536,-4.983354,-7.8095336,2.7474854,2.0604455,2.3706477,2.9268072,-4.7936635,-4.505663,3.1414888,-25.676966,8.6123085,-2.9233506
241.0473618927395,-5.1000047,-9.21609,2.7359943,1.8137279,2.2584476,2.8445158,-4.9519935,-4.5244036,3.2853746,-23.878962,9.083319,-3.0157955
243.0829710976259,-5.373729,-7.395752,2.4091473,1.9081978,2.047191,2.587117,-5.3924966,-5.0674853,3.7991564,-27.30345,9.336452,-0.15315568
243.09931152472012,-4.8541007,-4.378172,2.2297468,1.7455634,1.4962044,2.131811,-5.0558934,-3.0772398,3.7543144,-14.564972,8.768142,0.47438937
247.09425491750557,-5.0865583,-8.09028,2.5473762,1.9901184,2.313065,2.7967026,-5.014034,-4.666602,3.5280976,-26.223297,8.751427,-1.3172741
249.12513134687242,-5.512633,-3.2694492,3.3427448,-1.1157268,1.8800703,3.1153948,-2.806098,-4.6803765,2.3160918,-22.179493,9.345357,-4.4401035
251.10447077523585,-5.1132116,-8.306669,2.812969,1.8978992,2.0835998,2.8469353,-4.9937663,-4.6989865,3.5840664,-25.556236,9.258377,-2.315517
253.08364230631653,-4.823909,-7.6485233,2.5233977,1.821235,1.9179683,2.5343406,-5.2175,-4.5522356,3.585854,-21.367874,8.91066,-1.0181603
255.09915080142363,-4.9461417,-4.8163342,2.4039352,2.006555,1.7096019,2.336995,-4.954392,-4.071128,3.8217869,-15.667818,9.0909395,0.514564
261.07334112304517,-5.0153036,-8.57215,2.7337005,1.7554947,2.1686323,2.8050883,-5.057878,-4.6990824,3.452245,-26.557398,8.864101,-2.9072998
261.10966185035926,-5.0140076,-5.4960804,2.0948052,2.1873624,1.8960838,2.2946274,-5.0737724,-4.6164923,3.870833,-20.842293,9.172026,1.1224604
265.11993582059335,-5.15751,-7.3700986,2.94625,1.6095384,2.0976245,2.8717878,-5.0004654,-4.8355527,3.3405445,-27.53006,9.273142,-3.3407786
267.09922367205917,-4.468994,-5.9221597,2.251747,1.8787508,1.5568916,2.2598248,-4.6601276,-1.7110373,3.7492342,-12.302641,8.833314,0.4753109
267.1355665990693,-4.709308,-7.987512,2.840925,1.9403071,2.0153928,2.6619015,-5.106258,-4.6909566,3.5611203,-24.071192,9.112654,-1.0308069
269.114922695292,-5.0783644,-7.7345037,2.5135412,1.7961745,1.9757606,2.5402448,-5.155497,-4.5453978,3.6379607,-21.385338,8.937873,-0.4655924
274.1705467265059,-5.0522814,-6.0574408,1.6180797,2.4613092,1.7987349,1.649784,-5.162629,-4.716616,3.9453628,-23.791853,9.063655,-2.725732
275.12535495048786,-4.999931,-7.8408566,2.5025826,1.9668171,2.198849,2.8776467,-4.977227,-4.730131,3.6360517,-28.015175,9.1881485,-0.21125889
277.1046854722379,-4.386232,-2.995007,2.3602762,1.7223673,2.0078182,2.2686555,-0.018191833,-0.3940831,3.2413166,-4.1448865,7.7742314,1.0379652
277.1199314280742,-4.996275,-9.3203125,3.0047686,1.817512,2.383159,3.0481343,-5.062886,-4.8055987,2.9197218,-26.741962,8.709574,-2.9697578
279.2543320460134,-5.7857356,-10.999392,2.4208527,3.0647764,0.25507206,2.5560117,-5.778762,-5.636611,3.5641768,-33.49648,9.561617,-4.326326
281.09553527735085,-5.1279335,-9.141422,1.9469732,2.1620295,2.7208278,2.8103902,-5.2381897,-4.663497,3.4721315,-28.676664,8.651004,-2.5615382
281.1149839238734,-5.0938463,-8.979441,3.0126975,1.9823229,2.2304132,3.0374727,-4.831911,-4.699245,3.0145826,-27.700962,9.198105,-3.4434505
283.1305129141175,-3.6136155,-4.1993914,2.2258196,1.78432,1.3893222,2.15135,-3.2067823,-1.4592849,3.6639776,-9.624527,8.580484,0.50211984
293.1149201372592,-5.0605507,-9.116952,2.9035032,1.7213358,2.0532045,2.9754438,-5.1553826,-4.624342,3.3632848,-26.30524,8.92839,-1.8402389
305.1568601303938,0.5528271,3.1420581,-3.4742167,-0.9576959,0.75816214,-3.6873353,1.6795926,1.3537686,2.6095922,3.346562,1.3782666,2.261987
313.2138117541359,-5.132796,-8.668676,2.6828897,1.877327,2.3297567,2.7603877,-5.0301337,-4.8628626,3.3188848,-27.217785,8.739794,-2.780859
317.11518519135484,0.042217646,-0.07486138,1.8802221,1.643455,0.95074683,1.8654777,0.29828227,0.3116473,3.6348865,-4.415779,8.060415,0.41456828
321.13096874610164,-0.5908084,1.1588283,1.895654,1.4152704,2.322163,1.5649444,1.4598634,0.72817826,1.4295357,1.1800618,3.8194034,1.6642572
325.177311613809,-4.351608,-5.723617,2.2290976,1.9108537,1.5293574,2.1509151,-4.837067,-3.6063752,3.7605128,-14.580733,8.704412,0.16524617
327.19299949538106,-5.168985,-9.387154,2.7519848,2.3347602,2.2237673,2.8669236,-5.188164,-4.84171,3.33509,-28.169916,9.349468,-3.262941
331.20901611987676,-4.4577966,-4.4581237,1.8963268,2.0636692,1.5077806,1.9585211,-4.3412476,-4.0114875,3.8608897,-13.758609,8.655424,0.9038998
365.1570478361734,0.901106,2.1363769,0.6606843,-2.3779218,2.1392605,0.85693437,1.9724039,1.4696088,1.450755,4.150691,0.6252297,1.8510443
399.17773468337884,-4.826686,-9.222655,3.2898233,1.9604924,2.415792,3.0780606,-4.8056192,-4.6747537,2.4748697,-25.253523,8.512813,-2.7214425
409.18336016445807,1.6010511,2.529663,-1.4053797,-2.8611438,1.6532073,-2.2216244,2.5945466,2.0450237,-2.6676197,7.3855824,-3.1599512,1.194727
409.2714046851231,-4.944608,-9.399683,3.0572486,2.2560132,2.5970383,3.0039604,-4.955256,-4.8295007,2.5022445,-26.894672,8.511453,-1.2654067
450.55301652070364,2.2965827,-1.6263261,-4.039856,-4.020514,-3.9464233,-4.1230164,2.630311,2.7364082,-3.763713,9.188366,-10.939845,-3.6870368
453.2095792347797,1.921058,2.4247394,-3.0872407,-3.894617,0.5434728,-3.7040684,2.7436152,2.350165,-3.5306432,8.416982,-10.485596,1.5333315
465.2283399515315,2.125385,4.271926,-4.1738276,-4.0651584,-3.7413049,-4.3032327,2.2277706,2.2093964,-3.664294,8.191859,-12.106739,2.8232136
465.5631258867581,2.2901158,3.9075398,-4.370773,-4.368367,-4.294514,-4.5185986,2.4529006,2.494422,-4.0127306,9.483206,-12.172831,1.8793402
465.89656668656824,2.451212,2.4998255,-4.1609445,-4.239109,-4.249166,-4.313454,2.5857937,2.7196832,-3.841451,9.65379,-11.92044,-2.6818023
470.5534619718108,2.242941,2.6963165,-4.1365433,-4.160056,-4.0901213,-4.2619715,2.7622268,2.7007825,-3.907239,9.8573265,-11.607971,-2.9093738
470.88789580246987,2.4404016,-0.39842474,-4.009612,-3.9370136,-4.0475764,-4.068908,2.7809596,2.585164,-3.9075718,9.275553,-10.744269,-3.5042806
478.92025987617245,2.3938234,-2.1835783,-4.208644,-4.240021,-4.126186,-4.237454,2.814625,2.5473893,-3.939079,7.150863,-11.485802,-3.8310952
479.9038387582657,2.0849977,4.3241034,-4.40602,-4.4490404,-4.114588,-4.6845217,2.189871,2.1628287,-4.001798,8.144842,-12.56782,3.0703475
480.2392946824935,2.1521842,4.193462,-4.3964467,-4.4040117,-4.3719177,-4.6612926,2.3183239,2.2532363,-4.1391854,8.5535965,-12.473579,2.6941128
480.571938125089,2.3940198,3.8764033,-4.306317,-4.286046,-4.226116,-4.363484,2.501297,2.5463243,-3.980725,9.441309,-11.782468,1.4262254
480.90576653196075,2.575759,2.0319576,-4.0757704,-4.173246,-4.1436505,-4.218017,2.685008,2.710205,-3.7708323,9.798905,-11.451225,-3.6190736
485.2287549811139,1.707126,3.030822,0.892328,-3.8563128,0.94544274,0.8737281,2.0169573,1.9127839,-3.0928707,6.0331297,-2.1857092,1.7976768
485.56335188492085,2.300102,2.463556,-4.0043435,-4.123419,-4.008742,-4.2661347,2.6480136,2.596637,-3.9386864,9.428405,-11.450652,-2.0429966
485.89639233200955,2.3489301,-1.7716359,-4.040157,-4.232732,-4.070346,-4.144193,2.8144357,2.6210163,-3.8369112,9.799116,-11.173019,-3.7881846
488.2306001257723,2.1299353,-2.0968847,-4.1445127,-4.0827384,-4.116169,-4.2300377,2.9323745,2.6647952,-3.964911,9.206147,-11.425126,-3.5988004
492.92762636807333,2.3835304,3.025826,-4.3040943,-4.303721,-4.287701,-4.4217405,2.597397,2.5919976,-4.021257,9.72232,-12.166528,-0.18366586
493.2619550954543,2.4585814,-0.015688777,-4.2786217,-4.370541,-4.2270455,-4.502566,2.7397192,2.6798809,-4.1255417,9.76142,-12.229637,-3.217533
493.5955515817928,2.4872868,-2.2636356,-4.2332273,-4.188482,-4.38207,-4.270214,2.8227186,2.6177077,-4.0016546,9.262329,-11.806863,-3.820767
494.579584838628,1.9529997,4.2673097,-4.388698,-4.431365,-3.5360005,-4.6176896,2.077497,2.0391958,-3.5949376,7.211642,-12.328539,3.1472495
494.9141973198271,2.1113408,4.3072753,-4.453716,-4.455593,-3.8247402,-4.6027036,2.2558818,2.1706493,-4.0577316,8.231038,-12.361082,2.9904726
495.2473765981361,2.2690358,4.1915836,-4.3863506,-4.443941,-4.3888273,-4.4955826,2.3918192,2.4426186,-3.922478,8.675377,-12.27161,2.461119
495.581149111223,2.4425554,2.3512187,-4.213779,-4.27372,-4.1231375,-4.3628654,2.621123,2.6720438,-3.8417091,9.561409,-11.970428,-2.8152785
497.23584017034875,2.0486555,-2.1895018,-3.8641813,-4.023278,-3.419885,-4.064373,2.9580839,2.3949952,-3.8461893,8.515408,-11.1045885,-3.306829
499.903935505119,2.1820006,3.854152,-4.278796,-4.3571606,-4.0062075,-4.35114,2.4254155,2.3340847,-3.9361532,8.934702,-12.284512,2.0545874
500.23858275884396,2.2805483,3.3072255,-4.059392,-4.2374096,-3.570305,-4.270543,2.6119668,2.5324972,-3.8682237,9.403909,-11.843163,1.2640128
500.57171018677553,2.4639997,-1.2992597,-4.227429,-4.139257,-3.9271789,-4.2263865,2.748526,2.6967921,-3.915218,9.876631,-11.772457,-3.500543
500.9056718858225,2.3204925,-1.8432716,-3.9478898,-4.1505713,-4.006776,-4.059845,2.859301,2.665686,-3.800887,9.154028,-11.203942,-3.4016004
507.9377993311231,2.3743248,2.9116263,-4.3553185,-4.3602314,-4.31566,-4.4449797,2.6042454,2.5927596,-4.0879455,9.885257,-12.199997,-2.464331
508.2711803315196,2.5001223,-1.6210362,-4.3098426,-4.294148,-4.2475367,-4.3739433,2.7426982,2.5727677,-4.0817347,9.305387,-11.945905,-3.8053026
508.6049300600752,2.4236345,-2.3070912,-4.0792847,-4.1794953,-4.227461,-4.15421,2.8458357,2.611604,-4.0206013,6.221695,-11.457893,-3.8079937
509.2552829055155,1.9073484,4.3009834,-4.406685,-4.020485,-2.5738318,-4.711931,2.0690439,1.9103748,-3.0587661,7.1947317,-12.321877,3.228718
509.58934554543896,2.0396457,4.332924,-4.45799,-4.499051,-4.142516,-4.705498,2.1842728,2.074,-3.817699,7.6857653,-12.546239,3.092728
509.9229628592716,2.1992776,4.246383,-4.3784943,-4.3794756,-4.16706,-4.603286,2.300574,2.3053913,-4.035998,8.561081,-12.418797,2.6797135
510.24236974262993,2.0089097,2.5831828,-3.8789325,-4.1938877,-3.8167067,-4.1430783,2.8517513,2.4815145,-3.9142623,8.618479,-11.444094,-0.22000527
510.25777952582314,2.4937365,2.4657512,-4.236971,-4.2136893,-4.3694477,-4.329608,2.6075072,2.711473,-3.7774181,9.449366,-11.624035,-2.9492874
510.5904929207744,2.5075858,-2.0319371,-3.9928303,-4.1639524,-4.1273227,-4.1242166,2.6822355,2.509144,-3.9762836,8.653697,-11.260639,-3.7166474
514.5795507688714,2.1887798,4.1915917,-4.345503,-4.39135,-3.824636,-4.466356,2.4453313,2.391029,-4.16375,8.930919,-12.415144,2.4617853
514.9141088106072,2.297156,3.6965241,-4.1915035,-4.2786565,-4.0174994,-4.3344874,2.5142512,2.4954762,-4.036794,9.509983,-12.015301,1.1553706
515.24714677643,2.3841228,2.6944475,-4.0869994,-4.187929,-3.8832,-4.290146,2.7393134,2.6569042,-3.9098935,9.991634,-11.772974,-2.1210155
515.5812041673266,2.4085057,-2.1983485,-4.1296225,-4.099449,-4.161389,-4.217748,2.880107,2.6665914,-3.886253,9.836502,-11.715084,-3.7471519
522.2780079381146,2.352064,3.853242,-4.170985,-4.401088,-4.183049,-4.4521337,2.5450602,2.490796,-4.0495462,9.773861,-11.813757,1.608618
522.9466030471535,2.4738715,-1.3093112,-4.299113,-4.4285884,-4.3655033,-4.401731,2.6975396,2.633085,-4.099981,9.626112,-12.11278,-3.7743807
523.2801547418912,2.4385617,-2.408245,-4.1535506,-4.2814546,-4.239318,-4.2682004,2.8370984,2.527259,-4.0526915,7.886581,-11.791316,-3.8136997
523.9306489382229,1.9293822,4.3282127,-4.41032,-3.9405243,-2.201054,-4.702525,2.08607,1.9612939,-3.425717,7.08305,-12.341652,3.2593327
524.2657076843612,2.0276906,4.4159403,-4.532344,-4.3381763,-3.8892045,-4.703963,2.1574154,2.0297701,-3.451652,7.5506697,-12.652382,3.19274
524.5984796167957,2.1561248,4.2759504,-4.3416433,-4.4647045,-4.2352743,-4.5451174,2.3229873,2.3142576,-4.0614815,8.607323,-12.260054,2.6939604
524.9322255579777,2.2840738,3.3721595,-4.315512,-4.3645954,-4.406319,-4.429514,2.4875238,2.5650954,-4.0301385,9.3380375,-11.955618,0.817971
525.2675637278638,2.497024,-2.0141613,-4.18958,-4.207125,-4.341281,-4.2271657,2.667921,2.7608411,-3.8913684,9.225505,-11.592463,-3.411532
529.2549223397006,2.162806,4.1033974,-4.1374364,-4.342819,-3.587335,-4.462746,2.3827908,2.2705417,-4.047088,8.654736,-12.364213,2.4238067
529.5893463118568,2.2288196,3.9817538,-4.248474,-4.3052025,-4.112257,-4.3662395,2.5335627,2.4210398,-4.1438475,9.364445,-12.082535,1.8662022
529.922664198904,2.3679092,3.077952,-4.1127863,-4.242689,-3.9700522,-4.3994894,2.6680467,2.5441632,-3.9943101,9.800024,-11.974026,-0.41541633
530.25659065734,2.4018445,-1.6200325,-4.163678,-4.174198,-4.1719446,-4.3341913,2.8258133,2.5982006,-3.8780735,9.395124,-11.857395,-3.6070085
531.4060790152861,-5.268274,-9.972345,2.107397,3.6702602,2.8059494,2.7583437,-5.235823,-5.0453324,-1.2016594,-30.530842,6.160239,-3.9102829
532.2566698359487,2.3064408,3.6676085,-4.2404084,-4.3424764,-4.1002192,-4.443614,2.5630128,2.4531152,-4.130111,9.065466,-12.264046,1.8094898
532.7584946111834,2.3035,-0.55936825,-4.175383,-4.207279,-4.1867304,-4.306799,2.7966027,2.6561162,-3.8959055,9.480794,-11.540674,-3.4846575
533.2590179998325,2.394878,-2.118792,-4.247463,-4.175879,-4.3327184,-4.3366637,2.7997484,2.6244805,-3.959259,9.062508,-11.582211,-4.0208936
537.9558254673497,2.4452157,-2.4632158,-4.131901,-4.26125,-4.217661,-4.2345285,2.917052,2.561752,-4.0164676,7.3770094,-11.645367,-3.7651744
538.6060509169396,1.9879531,4.38552,-4.4861574,-3.8593476,-2.9428082,-4.6083517,2.0988064,1.9748231,-2.9412723,7.144412,-12.087397,3.219464
538.9403787567521,2.0064256,4.2187495,-4.358663,-4.331367,-3.905483,-4.681883,2.111237,2.0251396,-3.7447422,7.4108276,-12.424772,3.1190603
539.274086627344,2.099483,4.172472,-4.5041986,-4.396783,-4.2728534,-4.7194967,2.2044978,2.201829,-4.08531,8.288026,-12.5242195,2.650116
539.6075740206704,2.3411276,3.6479564,-4.3362827,-4.302257,-4.361568,-4.497143,2.4625335,2.5357802,-4.063149,9.462172,-12.168879,1.2491426
539.9413320927383,2.524383,-1.319552,-4.039027,-4.160623,-4.2655573,-4.169389,2.6421642,2.6444867,-3.777881,9.161025,-11.073874,-3.3892448
541.2620774824768,2.0185366,-2.5183382,-4.064103,-4.076004,-4.1308827,-4.1561723,3.0508842,2.4409418,-3.9386475,8.273443,-11.471077,-3.8448808
543.9300571574971,2.1953683,4.165249,-4.2275333,-4.2461314,-3.3764255,-4.502544,2.4018161,2.3260705,-3.9776573,8.748957,-11.999239,2.4701102
544.2646646425169,2.1868193,3.9170854,-4.493607,-4.501886,-4.113476,-4.546485,2.4527597,2.3030372,-4.0295105,8.981073,-12.485809,2.089613
544.598305571382,2.2935188,3.6460433,-4.266233,-4.301137,-4.0426555,-4.5064797,2.509175,2.4931438,-4.0568576,9.286471,-12.008072,1.42594
544.9319321857902,2.4397197,-1.3344495,-4.007685,-4.1032248,-4.2141266,-4.0596733,2.7762918,2.566023,-3.8357003,9.588831,-11.398835,-3.5202546
552.6311290343571,2.458313,-2.2946782,-4.4133105,-4.3346033,-4.463221,-4.331047,2.8603294,2.5544732,-4.044063,5.883424,-11.990421,-3.9535868
553.2806751977768,2.0053434,4.300414,-4.5000644,-4.211298,-3.7549918,-4.70438,2.133202,1.915634,-3.399158,7.2428827,-12.565727,3.2167363
553.61540315256,1.9897809,4.2867603,-4.554438,-4.1991425,-3.8913445,-4.6807637,2.1453161,2.0795064,-3.7489085,7.6598587,-12.749454,3.0522249
553.9493235760538,2.181744,4.343663,-4.4260488,-4.3632746,-4.1243906,-4.548943,2.3459103,2.2451715,-4.0039115,8.729665,-12.225281,2.732709
554.2846624362412,2.546363,2.4883554,-4.251894,-3.984131,-4.2839494,-4.267856,2.3487267,2.6617508,-3.6968915,7.499892,-11.569593,-2.9247844
554.6167325164191,2.4775262,-1.7331307,-4.1793685,-4.2156696,-4.2120247,-4.2214165,2.6135323,2.691249,-3.8664327,8.79232,-11.859645,-3.7976353
554.771232013622,2.3945258,2.827251,-4.1972113,-4.2989025,-4.028941,-4.3483872,2.6729732,2.5895267,-4.0706244,9.4497385,-12.279062,-0.41536236
555.2712385340405,2.3758159,-1.9548467,-4.2510767,-4.266351,-4.1707783,-4.2625914,2.8026333,2.5584333,-3.9918184,9.156303,-12.0861,-2.9591477
558.6060387649404,2.1472337,4.2102165,-4.4333286,-4.330311,-3.85688,-4.3520246,2.3852403,2.2445037,-4.1830835,8.804968,-12.059818,2.5428596
558.9402700704871,2.2086573,3.9023557,-4.2596784,-4.191302,-3.893993,-4.449165,2.441812,2.3514,-4.124792,8.932282,-12.135218,2.0023804
559.0931126248909,-5.2728133,-9.333662,2.6317804,1.6953374,2.1526012,2.6888855,-5.363221,-5.0924516,3.653036,-28.811115,9.347057,-2.9077845
559.2737127305819,2.3887932,3.4345126,-4.225554,-4.207629,-3.971537,-4.3850074,2.586158,2.579877,-4.0677085,9.68486,-11.89768,1.414178
559.6074053637994,2.4359632,-1.7872752,-4.1857595,-4.210438,-4.267618,-4.188081,2.8236976,2.5560336,-3.9602876,9.40077,-11.650148,-3.702963
566.3030077463626,2.3504128,3.0185385,-4.2690296,-4.2006392,-4.0993905,-4.4661503,2.6272151,2.6083918,-4.037197,9.691503,-12.066667,-0.66670465
567.3062723764642,2.420364,-2.439207,-4.169018,-4.2280326,-4.3495636,-4.2402396,2.9084806,2.4691877,-3.994769,5.4659467,-11.813747,-3.8483458
567.9566053446767,1.9934158,4.340691,-4.413885,-4.055808,-3.5489771,-4.7220793,2.166188,2.0124068,-3.7228835,7.288213,-12.474664,3.1744254
568.6244512297033,2.1972167,4.2132473,-4.4667034,-4.4338613,-4.3175797,-4.5792274,2.3539321,2.3131783,-4.037949,8.622273,-12.300018,2.6962507
568.958298611368,2.410916,3.561895,-4.326428,-4.2557707,-4.3046393,-4.3937297,2.5267694,2.6155167,-3.9248128,9.531408,-12.061008,-1.1164806
573.2808027957229,2.2201643,4.1930823,-4.1129293,-4.238808,-3.2210138,-4.366502,2.439274,2.3384447,-4.0290537,9.138151,-12.177412,2.416433
573.6157713601772,2.3007586,3.9259822,-4.360469,-4.3831944,-4.007628,-4.495525,2.5542264,2.4639554,-4.085948,9.416128,-12.1800785,2.1365755
573.9488434368914,2.3039277,3.4730897,-4.1904125,-4.2601085,-3.9382617,-4.3678746,2.6351354,2.5618637,-3.934974,9.431495,-12.051391,0.50794303
574.282823708664,2.4759846,-1.9201003,-4.271385,-4.2424035,-4.224373,-4.306668,2.7827146,2.6008606,-4.049496,9.535127,-11.882083,-4.042297
574.6165094020132,2.3049169,-2.6836946,-3.9354234,-4.0540514,-4.379086,-4.04718,2.888427,2.5784316,-3.788378,7.031549,-11.07191,-3.7291052
576.7847297500665,2.2479262,3.870841,-4.2088265,-4.3414564,-4.0257134,-4.475418,2.5205362,2.4392633,-4.1709204,9.374245,-12.020489,2.0415819
577.7850894156176,2.3065038,-2.761695,-4.065827,-4.133996,-4.0318246,-4.1996336,3.0999653,2.4712865,-3.9995532,4.8425064,-11.120829,-3.5796137
581.9821163075625,2.5870445,-2.563418,-4.250522,-4.1711707,-4.2638927,-4.2122636,2.9574366,2.5090513,-4.0162077,2.7014863,-12.18316,-4.2500954
582.6316699482917,2.077954,4.4380946,-4.4570255,-4.093058,-3.9650302,-4.5023007,2.246486,2.085354,-3.524737,7.946158,-12.084666,3.1209073
582.9665417603859,2.1579478,4.4144826,-4.5445294,-4.320902,-4.210209,-4.6046205,2.2881052,2.172599,-3.9757185,8.241146,-12.485294,3.0155628
583.2998526402897,2.2121744,4.3073416,-4.374148,-4.2526784,-4.166767,-4.584644,2.3639922,2.311664,-3.9017494,8.834192,-12.373493,2.6047876
583.6338435125647,2.3735123,3.4232054,-4.396459,-4.2271247,-4.331636,-4.4466047,2.5634658,2.5545022,-3.9636781,9.539907,-12.235751,-0.76123405
583.9675320416991,2.5095153,-2.3259845,-4.183378,-4.1870966,-4.2823877,-4.236864,2.6994646,2.5903904,-3.9912965,7.251445,-11.732401,-3.7391372
585.2881746710144,2.0662394,-2.733948,-4.017242,-4.08755,-4.0516524,-4.2189846,3.0851915,2.42742,-3.8814645,4.7049212,-11.640188,-3.4996457
587.9566405582815,2.2138438,4.0157075,-4.2920704,-4.2890935,-3.6290958,-4.3992386,2.5009727,2.3546531,-4.0561247,8.883117,-11.99698,2.2832503
588.290947483365,2.268735,3.8410678,-4.304562,-4.3397393,-3.9643552,-4.4820323,2.504776,2.4181213,-4.0224266,9.039349,-12.272207,2.149963
588.6245140788945,2.3699517,3.3036542,-4.243352,-4.273594,-4.0326953,-4.391209,2.5813634,2.485881,-4.103342,9.50797,-11.909889,0.20063916
588.958112943333,2.3693292,-1.723767,-4.117931,-4.221205,-4.142994,-4.361606,2.7876058,2.5698693,-3.9789174,9.277214,-11.571211,-3.7736368
589.2920324159695,2.204013,-2.307971,-4.1502852,-4.0752144,-4.1882324,-4.2140737,2.9893656,2.4756649,-3.8423262,5.3241167,-11.078379,-3.3386865
596.6574473957705,2.5702937,-2.2360249,-4.1292844,-4.1664357,-4.330945,-4.181335,3.0033796,2.5461268,-4.0166636,2.3534064,-11.566241,-4.034944
597.2685359417759,-5.130812,-9.8763275,3.0340867,2.4389734,2.2726207,3.1246443,-5.1046777,-4.8242545,2.422007,-28.722057,9.239019,-3.6811497
597.3068354780905,2.0682597,4.370325,-4.5469537,-4.191854,-4.38683,-4.709405,2.2444546,2.1492305,-3.8069482,8.059696,-12.465586,2.9995382
597.641335302347,2.1957278,4.3162413,-4.525894,-4.1899915,-4.254715,-4.640172,2.3000271,2.1981342,-4.1122622,8.350686,-12.621563,2.8627732
597.97541909505,2.225371,4.0643096,-4.47629,-4.37943,-4.508943,-4.5402007,2.3395665,2.3038838,-4.0923495,8.91456,-12.316814,2.1867201
598.642981296282,2.564772,-1.6518964,-4.1635895,-4.2447863,-4.2787256,-4.376224,2.658104,2.5965223,-3.78384,6.4563937,-11.358709,-3.9693847
602.6316334779631,2.329655,4.0152946,-4.228314,-4.135051,-3.6397111,-4.302964,2.5423737,2.4421887,-4.109211,9.586197,-11.794752,2.0632458
602.9660757273422,2.3476999,3.716044,-4.1970634,-4.1512294,-3.8518908,-4.3424883,2.5878246,2.5043402,-3.9789817,9.557803,-11.8381605,1.6120389
603.2998283170422,2.4237196,3.055932,-4.2651443,-4.2488317,-3.8975518,-4.4070764,2.6617343,2.5682013,-4.0257096,9.636217,-12.008617,-0.39377832
603.6335686535476,2.4916687,-1.9238057,-4.180011,-4.253575,-4.2154894,-4.3240805,2.8424745,2.5264516,-4.070593,9.333742,-11.752922,-3.955704
610.3291443798283,2.4110227,-1.6964016,-4.2331305,-4.131303,-4.1801977,-4.200493,2.796283,2.5129073,-3.8928516,9.116223,-11.616786,-3.1893556
611.3324826283111,2.352359,-2.4023676,-3.9985695,-4.1076946,-4.123999,-4.1192226,2.9493988,2.5142567,-3.8880484,2.42947,-11.036666,-3.6961882
611.9828288944624,2.1739097,4.4055157,-4.3761907,-4.2741547,-4.227543,-4.5457993,2.3276174,2.2683973,-3.8953867,8.432408,-12.264307,2.7072568
612.6507417911749,2.319421,4.090168,-4.4035525,-4.4199133,-4.42645,-4.5543385,2.4735281,2.436242,-3.9283025,9.390101,-12.177404,1.8288398
612.9845472297768,2.4865305,0.11978638,-4.3451285,-4.2832527,-4.4456706,-4.452609,2.5703275,2.6389692,-3.8829057,9.223741,-11.9132395,-3.4086828
615.4957687178843,-4.8154354,-9.824812,1.9226257,3.7196758,2.7315793,2.0213687,-4.5224633,-4.995714,-0.46034777,-27.083488,5.0310926,-2.4967365
617.307072248301,2.3085582,3.6026785,-4.1836367,-4.2255697,-3.9319782,-4.3626146,2.5781581,2.4100592,-4.0454273,9.312892,-12.053181,1.3874115
617.6419495365926,2.344149,3.2043939,-4.360852,-4.305891,-4.1273923,-4.4009447,2.5932202,2.4406538,-4.132241,9.409595,-12.223404,-0.49478236
617.9753606282869,2.4935973,-0.23487234,-4.262466,-4.286198,-4.195873,-4.301834,2.7482877,2.6926394,-3.9361773,9.973917,-11.923979,-3.4757483
618.3091164648787,2.4337168,-2.3378932,-4.226863,-4.225793,-4.086936,-4.190545,2.909973,2.5240293,-3.8882313,9.048485,-11.568636,-3.7806048
626.0084241371368,2.5242226,-2.2622263,-3.995245,-4.205676,-4.2678537,-4.1260214,2.9717956,2.3447332,-4.1088443,1.0466485,-11.339104,-3.6784217
626.6576566538322,2.2888184,4.159046,-4.4685907,-4.3462076,-4.3459635,-4.516252,2.3971033,2.3653944,-4.014556,8.949861,-12.2603,2.2884808
626.9925645287154,2.2527587,4.1333942,-4.51121,-4.345219,-4.2804694,-4.594127,2.411919,2.3809872,-3.9257395,8.981266,-12.540108,2.4139283
627.3258403263696,2.4516795,3.6916385,-4.3908644,-4.3232107,-4.369065,-4.4146085,2.5562932,2.5709126,-3.9689338,9.52108,-11.907955,1.2563868
627.6600715072444,2.499618,-0.396811,-4.1031747,-4.2057276,-4.224072,-4.298766,2.6530397,2.7219813,-3.9760478,9.234812,-11.962894,-3.5797918
627.9938600471125,2.47298,-1.903588,-4.216546,-4.1642647,-4.3380985,-4.079426,2.7068956,2.4997423,-3.7001326,5.237468,-11.073584,-3.6667547
629.3143872161478,2.1780171,-2.7069426,-3.9986796,-4.144255,-4.124608,-4.089423,3.1851842,2.30085,-3.888213,1.3041201,-11.274718,-3.959082
631.9825059466988,2.3804216,3.27808,-4.1592917,-4.126324,-3.8746755,-4.336083,2.6195006,2.4619622,-4.020861,9.542638,-11.690924,-0.33543175
632.113831429033,-5.0607557,-4.982292,2.2867985,1.949443,1.5436827,2.1820087,-4.9996285,-4.1269345,3.8547618,-13.869248,8.840229,0.29957867
632.3168808809797,2.4296422,2.9747565,-4.3303514,-4.301372,-4.188776,-4.411549,2.6781847,2.5678792,-3.9157362,9.618728,-11.903828,0.38403973
632.6508208317952,2.4388618,0.20605302,-4.29598,-4.1615114,-4.3085623,-4.3374157,2.800508,2.6442304,-3.8408942,9.428092,-11.684468,-3.5889173
632.9844083206727,2.3305395,-2.1670766,-4.1398215,-4.203578,-4.217271,-4.2378483,2.8061454,2.4617069,-3.965137,7.678291,-11.507151,-3.8065567
633.1117401972615,-5.499996,-7.4280176,2.3921952,1.9710488,1.689431,2.3059335,-5.5419183,-4.9417195,3.809674,-21.908962,9.197699,-0.7150887
634.1118418026093,-4.804147,-9.358567,2.7824378,2.183857,2.1558657,3.0212998,-4.9663734,-4.670558,3.4517527,-27.656342,9.334555,-3.1996198
639.4958013225602,-4.840668,-9.32962,-0.26182815,3.918919,2.8333085,1.9157479,-4.6199393,-4.640113,-0.9549618,-27.313795,5.0246763,-2.8203125
640.6837182505567,2.5127983,-2.308537,-4.128238,-4.1568522,-4.1834044,-3.9775944,3.0217423,2.2426267,-3.91349,1.014441,-11.093468,-3.6300008
641.3335183619116,2.2952852,3.939992,-4.358773,-4.3409524,-4.325515,-4.402901,2.4261644,2.4523273,-3.9510646,9.107573,-12.526844,1.8721212
641.667673331466,2.3775856,3.9408026,-4.441746,-4.265795,-4.4056873,-4.453753,2.548967,2.5512118,-3.9518294,9.465757,-12.10508,1.4541156
642.0014831520969,2.5192423,2.9999208,-4.355294,-4.3158326,-4.2689962,-4.3885508,2.6510355,2.6869578,-3.906604,9.463465,-11.971416,-3.1516209
642.5148600574103,-4.6841774,-9.582533,-0.13780493,3.8515775,2.9270413,1.745217,-4.3631525,-4.765955,-1.8059663,-26.375982,3.5076938,-2.904814
644.3252684181447,2.3345253,-2.719572,-4.1008472,-4.194769,-4.2489243,-4.1785574,2.9272892,2.4690983,-3.992387,6.274865,-11.283425,-3.9852169
646.6580257684512,2.3926082,2.5093546,-4.237698,-4.1219006,-4.147711,-4.4095507,2.7654119,2.5035462,-3.9396672,9.561251,-11.938648,-2.0132759
646.9925690334887,2.4586396,2.1972687,-4.207561,-4.155574,-3.989207,-4.2684093,2.710796,2.5245564,-3.9972138,9.624546,-11.748742,-3.195686
647.3260359946927,2.4380178,-2.3149805,-4.2911496,-4.2504106,-4.226342,-4.20149,2.818707,2.4670143,-4.0836077,9.162808,-11.895072,-3.6209488
647.6599161348003,2.3796954,-2.2901847,-4.2720957,-4.181992,-4.1792297,-4.2344503,3.0013673,2.372467,-3.88855,5.5077877,-11.346834,-3.682742
655.0253372499009,2.4661748,-2.4611998,-4.12573,-4.0872884,-4.360923,-4.1066647,2.9882944,2.265382,-3.949313,0.7860749,-10.95985,-3.68178
656.008808959616,2.4396188,3.1576366,-4.3116455,-4.282878,-4.3654027,-4.430088,2.5726883,2.6030953,-3.969357,9.74726,-12.016815,-3.1212814
656.6769149669507,2.6041353,-1.6711421,-4.288776,-4.3148227,-4.373977,-4.3875837,2.6773145,2.7102594,-3.9948876,9.250536,-11.948085,-3.6207652
657.0108110592557,2.5792289,-2.0403988,-4.138332,-4.0894675,-4.252786,-4.1678214,2.7692525,2.5791955,-3.947849,5.0089965,-11.6596775,-3.933927
660.504384671851,-4.828645,-9.746033,2.6954722,3.07493,3.1891534,2.9305687,-4.456128,-4.7189145,-3.2337615,-26.638723,4.7765036,-3.49387
661.333466947226,2.4445589,-1.7918864,-4.235686,-4.0147023,-4.2173605,-4.3521876,2.7824953,2.5467443,-4.0142107,9.551343,-11.695882,-3.9727976
661.6680914675109,2.4919586,-1.2484039,-4.286462,-4.2078495,-4.1217313,-4.380085,2.7715292,2.4841764,-4.101107,9.201711,-11.824873,-3.6196766
662.0016556758274,2.4343896,-2.1169388,-4.170699,-4.178929,-4.2183957,-4.2484736,2.8619347,2.5451267,-3.9524825,8.403999,-11.839069,-3.845982
662.3354088637876,2.4012713,-2.412992,-4.175287,-3.969704,-4.2171674,-4.003032,3.0690105,2.3352337,-4.0421796,2.4155023,-10.958851,-3.50272
664.8366094006194,1.914675,4.0531754,-4.347074,-4.4837794,0.47810876,-4.8118443,2.1059713,1.9158378,-4.2020235,6.8518987,-12.672962,3.1840386
665.3361093271064,2.195528,4.330587,-4.2891426,-4.336066,-2.873029,-4.6018467,2.4066508,2.1993167,-4.2070885,8.550199,-12.361431,2.9311848
665.8375133345984,2.4008286,3.4354815,-4.283199,-4.2769437,-4.0241413,-4.3955607,2.6247041,2.5399492,-4.1438904,9.758627,-12.271112,0.22365567
666.3378653010126,2.3776796,-2.7101521,-4.0765376,-4.191744,-4.3662863,-4.213864,2.9395216,2.462071,-3.8959415,7.7384357,-11.899585,-3.5806966
670.6842149008764,2.5559118,-0.5972549,-4.324632,-4.2336273,-4.3445644,-4.363901,2.698649,2.7057939,-4.060366,9.159855,-11.9111805,-3.9970953
671.0184734885361,2.5543427,-0.7137972,-4.23358,-4.1779304,-4.4009657,-4.343664,2.648492,2.6209307,-3.880843,8.944941,-11.86359,-3.5379448
671.3518386047365,2.5192966,-1.7892617,-4.159358,-4.1387033,-4.2813597,-4.177305,2.781479,2.5923214,-3.7369912,6.845154,-11.26748,-3.786588
671.686369461285,2.6236017,-2.2997718,-4.0328197,-4.0378594,-4.279321,-4.0829086,2.7467613,2.5826805,-3.6551342,3.5850332,-10.296166,-3.6825407
673.340584198945,2.2177088,-2.9844522,-3.9240413,-4.0523357,-4.050934,-4.0009403,3.267082,1.9899492,-3.934085,0.051711082,-10.978509,-3.5859325
676.0087263541498,2.4209294,-2.4919238,-4.1555734,-4.137211,-4.278225,-4.393913,2.8809023,2.5033665,-3.963024,8.2882,-11.916848,-3.8944185
676.3440946859712,2.441277,-2.3294032,-4.0688787,-4.147268,-4.1154175,-4.2693195,2.9535964,2.486761,-3.8024259,8.858727,-11.1389,-3.786853
676.6770209830461,2.4337656,-2.6156235,-4.1317315,-4.198102,-4.1614165,-4.042513,2.9936018,2.4095514,-3.9831288,5.912402,-11.313017,-3.9759638
685.3596181849049,2.5223303,-1.7553439,-4.1536365,-4.280406,-4.3094087,-4.1437488,2.6527143,2.5087168,-3.9341874,5.5261083,-12.008239,-4.091421
685.6938257835305,2.5455892,-2.1418495,-4.24171,-4.2542853,-4.3938165,-4.2523274,2.732345,2.6814106,-4.040444,5.4750514,-11.740821,-4.3720818
686.0279313931892,2.6361287,-1.8927872,-4.1273155,-4.2554526,-4.3710155,-4.205859,2.7867885,2.410728,-3.9312587,4.2389436,-11.570469,-4.064333
686.8496251342218,1.8770258,4.070801,-4.138576,-4.3945947,0.8254375,-4.536903,2.094502,1.8262459,-4.0817423,6.932379,-12.505085,3.1830146
687.3504403753851,2.044881,4.153637,-4.4175553,-4.485813,-3.1187093,-4.740383,2.2853644,2.086796,-4.2685385,7.9594097,-12.780272,2.9803476
687.8507106093722,2.3484595,3.4498758,-4.3839874,-4.403424,-4.108007,-4.546378,2.5852785,2.505978,-4.0927286,9.839227,-12.414359,-0.18559696
688.3515765378075,2.4615557,-2.4463973,-4.2061396,-4.2835174,-4.231787,-4.3089457,2.9601667,2.478744,-3.9446957,8.790993,-11.677704,-4.0912433
690.6843536240796,2.3208666,-2.4750175,-4.1490135,-4.083485,-4.297753,-4.229815,2.975456,2.3602753,-3.8858027,3.838317,-11.213911,-3.8905833
691.0187258623997,2.3573356,-2.2963758,-4.121035,-4.1954193,-4.3230734,-4.1247745,3.0129092,2.436204,-3.8411124,5.438591,-11.711336,-4.2143927
700.0348936237547,2.5849776,-1.7900574,-4.1186934,-4.1397057,-4.2290173,-4.1003413,2.6996698,2.5224679,-3.8858988,3.3420887,-11.174157,-3.4218898
706.1323636420491,-5.263012,-5.489171,2.2543745,1.8827242,1.499257,2.1296773,-5.165196,-4.606695,3.7904484,-17.552073,8.894094,0.34464285
707.130415769561,-5.4483094,-6.593411,2.3477364,1.9262165,1.6672027,2.2311556,-5.497703,-4.870179,3.863878,-19.791355,9.090599,-0.13029902
708.1304044704468,-5.137867,-9.383856,2.8382928,1.9659791,2.2012162,2.9595063,-5.274575,-4.9984374,3.4381294,-28.99064,9.344687,-1.8677689
708.8632285375837,1.9358786,4.1157384,-4.1635423,-4.0042543,0.8568116,-4.6998525,2.0968742,1.921315,-4.182983,6.994717,-12.264261,3.2327497
709.3630779129818,2.030097,4.2297697,-4.3475356,-4.4001803,-2.5488513,-4.5369616,2.2881691,2.1279824,-4.1359916,8.034845,-12.655893,3.0084713
709.8640888724873,2.3145154,3.6517034,-4.445942,-4.514447,-4.27345,-4.52635,2.550995,2.4198835,-4.1547117,9.438158,-12.643211,1.0502255
710.3643860557818,2.5170488,-2.3458538,-4.2213345,-4.178305,-4.2697678,-4.2512183,2.8723466,2.5820992,-4.0366707,8.809178,-11.696032,-4.047627
717.3665841461536,1.7761937,-3.0386708,-4.01041,-4.0893383,-4.0993366,-3.969679,3.2564893,2.1914554,-3.9795675,1.0716999,-11.094988,-3.5768719
730.8767630007383,1.8785032,4.1416526,-4.342064,-4.051528,0.90082324,-4.6157703,2.080944,1.828873,-3.960545,6.618132,-12.371012,3.2050507
731.3768159003127,2.021459,4.091527,-4.623847,-4.442231,-2.5237455,-4.781705,2.2121716,2.0140216,-4.3837543,7.5417986,-12.880796,2.9888163
731.8771190384252,2.2843022,3.8641853,-4.351253,-4.3633456,-4.0014195,-4.4844813,2.5894053,2.489745,-4.2242503,9.367698,-12.373563,1.6574321
732.3776301809983,2.4456947,-2.5548644,-4.2764754,-4.324001,-4.288675,-4.26755,2.8500066,2.5503244,-4.0101647,8.359157,-12.026487,-3.825876
752.8898617937245,1.9211577,4.183874,-4.3267827,-3.7695427,0.76153797,-4.6977234,2.1311393,1.8375793,-3.8479974,6.8058405,-12.329169,3.1975708
753.389508370205,2.069317,4.2627525,-4.323832,-4.305189,-2.2813165,-4.6457105,2.2586732,2.067348,-4.1906166,8.141228,-12.590687,3.030623
753.8900434182241,2.2829125,3.6809146,-4.3840055,-4.3733606,-3.9181402,-4.549259,2.5522308,2.4252834,-4.1788464,9.342427,-12.464027,1.4181191
754.3906651160707,2.5007107,-2.175868,-4.2381964,-4.2156744,-4.1722536,-4.320833,2.8721333,2.4840524,-4.0361753,9.113403,-11.963056,-4.1043572
759.5718929798202,-5.0097675,-9.703163,1.9877881,3.4579625,3.316931,2.3780065,-4.780319,-4.782837,-3.4640107,-27.95681,2.2825503,-3.5570464
760.5829527068927,-4.804303,-8.676142,2.453663,3.312159,3.219387,2.3883574,-4.4586563,-4.51637,-2.3146973,-23.504902,7.4283147,-3.321695
774.9021119012651,1.8670009,4.0616593,-4.378799,-3.86858,0.46210206,-4.715063,2.0589619,1.8173364,-3.983253,6.6388173,-12.301121,3.1535583
775.4027308716969,2.1167455,4.2755127,-4.5554237,-4.3237724,-3.6548262,-4.600106,2.3638532,2.1745737,-4.214046,8.107357,-12.832453,2.9853065
775.903432460491,2.3045297,3.7026715,-4.288711,-4.3265734,-4.136421,-4.525337,2.5993092,2.5107145,-4.156281,9.679007,-12.181986,1.1794475
776.4039661244722,2.454021,-2.2722626,-4.29841,-4.2283196,-4.1862817,-4.3169403,2.8632205,2.5130708,-4.0430574,9.035548,-11.770697,-4.123443
779.1503449975296,-5.2692256,-8.504433,2.602084,1.9907037,2.143459,2.686671,-5.292686,-4.7837334,3.6745837,-26.549639,9.356187,-2.5497072
780.1509340738697,-5.1112404,-9.860022,2.9898095,2.2866063,2.2080646,2.925508,-5.1785827,-4.998066,3.393137,-29.637505,9.483753,-3.6863399
781.1489875498474,-4.946725,-9.349336,2.8354614,2.1356173,2.203359,3.0175219,-4.921979,-4.789698,3.3601122,-26.843285,9.143091,-3.1656048
783.5699074493093,-5.0908446,-9.72365,1.9461383,3.5734143,2.9969916,2.3046753,-4.962374,-4.873092,0.16450334,-27.104809,8.23251,-3.4106526
786.5999111141772,-5.05237,-9.632511,2.5420349,3.3407476,3.1402493,2.4025679,-4.7829003,-5.093652,-2.5013916,-28.251797,7.123328,-3.0730262
796.9161402359701,1.8955951,4.105302,-4.539043,-3.9558642,-0.35076192,-4.688741,2.147386,1.8766063,-4.1365566,7.13743,-12.5719795,3.1010387
797.4154612314934,2.144283,4.2939014,-4.524998,-4.2974286,-3.8490553,-4.6109066,2.429856,2.190211,-4.2095113,8.594417,-12.698401,2.8284497
797.5279016327892,-5.0945964,-9.845371,2.719799,3.036495,3.1684105,3.0747182,-5.2373457,-4.9719954,-3.5536826,-29.460777,3.9287353,-4.0043025
797.9165098916963,2.395666,3.3801637,-4.332399,-4.395626,-4.0043287,-4.525073,2.5949318,2.5139735,-4.263781,9.602424,-12.464308,0.65452105
798.4169615560422,2.562868,-2.4474525,-4.2351484,-4.3848686,-4.356018,-4.339263,2.9478977,2.494477,-4.168608,8.643089,-11.835714,-4.0636263
798.538388995223,-4.9677887,-9.462226,2.1003397,3.0863953,3.1097803,3.1584065,-4.921868,-4.746498,-3.1399155,-28.967209,7.2555275,-3.866532
804.5505835336571,-5.3446646,-10.125644,2.2650995,3.4832873,2.8175952,2.4366071,-5.0314097,-5.082516,1.9512916,-29.136934,7.823146,-3.2091525
805.5539318863223,-4.5810714,-8.926273,-0.22398219,3.7834423,3.2456512,1.7685647,-4.5526695,-4.2959785,-2.6111095,-25.472414,3.0033164,-3.2093256
806.5647575494983,-5.1914954,-10.054846,2.2586794,3.4301956,2.7607446,2.385839,-5.058829,-5.1806626,1.5226121,-29.854834,7.598837,-2.6886137
809.5853423792465,-5.113317,-9.977249,1.8918525,3.6360624,2.9924095,2.2020288,-5.1313806,-5.147026,-1.7152251,-29.623009,5.462461,-3.850212
818.4274786359504,1.9130118,4.1073723,-4.4874325,-3.4733124,0.25187883,-4.7617984,2.0933833,1.8262765,-3.905388,6.9753428,-12.649765,3.120364
818.9283439183455,2.0248911,4.3390126,-4.4451547,-4.1565495,-3.1536765,-4.6314864,2.2601876,2.0519013,-4.147641,7.48449,-12.4517765,3.0667684
819.429132422968,2.1871033,4.301408,-4.441255,-4.2497826,-4.0382204,-4.5078726,2.4250436,2.2779062,-4.2137556,8.885044,-12.289175,2.7683918
819.9296502201292,2.4593174,3.130466,-4.3352294,-4.3217287,-4.233705,-4.385825,2.6775048,2.5868037,-4.1093273,9.791879,-12.094137,-2.2045126
820.4302987687867,2.506774,-2.0978699,-4.167827,-4.3309355,-4.4188046,-4.279997,2.9128313,2.4573681,-4.077626,7.156679,-11.57926,-3.714694
820.524156497036,-4.948274,-9.704998,2.8899062,2.7186403,3.2572656,2.9994335,-4.763066,-4.662689,-3.3985486,-26.984495,4.055889,-3.7617342
824.555825892178,-5.400288,-10.139813,2.8238716,2.986186,2.9807613,3.10964,-5.202652,-5.0831347,-3.2217405,-30.668104,4.689717,-4.254402
841.9426105287413,2.4886642,2.4626331,-4.296287,-4.2308526,-4.2544007,-4.445963,2.7617478,2.5948057,-4.050947,10.009294,-12.330503,-3.4465222
842.443289935428,2.565534,-2.4012148,-4.2389483,-4.247794,-4.2866845,-4.1852436,2.974557,2.4053528,-4.028411,6.744952,-11.470682,-3.963431
855.7394047398545,-4.81997,-8.903866,1.1228131,4.0369396,2.6571674,1.6275897,-4.8251104,-4.7470937,1.0067397,-27.10978,4.0042677,-3.2055633
864.4566041414442,2.4492514,-2.17549,-4.189613,-4.297211,-4.343277,-4.2853107,2.9658601,2.4021077,-3.9907117,1.0318174,-11.283469,-4.037732
869.6983997542958,-4.9662833,-9.532,2.9776187,3.3876798,2.7610316,2.896014,-4.971441,-4.839957,-3.1631517,-28.81948,6.689006,-4.073152
871.7132406009542,-5.2746744,-10.242899,2.803835,3.343452,2.6999009,2.9044478,-5.368279,-5.157473,-3.1867487,-31.113365,6.0031605,-3.8993227
879.7397730424627,-5.109772,-10.211852,2.181812,3.6411605,2.421557,2.1648498,-5.0066214,-5.15626,2.2107224,-29.88166,6.7481318,-2.7383542
880.7436150035622,-5.0112724,-9.594507,0.43999586,3.966389,2.4857676,1.3978962,-5.1595035,-4.965824,1.3690342,-29.189531,4.325511,-3.224799
882.7588778658212,-4.962498,-9.606424,1.104532,4.042804,2.574037,1.9422573,-4.953316,-4.841796,0.10778066,-28.539604,3.958196,-2.5994112
886.469730388757,2.4187012,-2.1179152,-4.087219,-4.102506,-4.300401,-4.203681,3.0437646,2.2680237,-3.9291415,1.7789915,-11.618353,-4.183222
893.6984807001496,-5.108501,-9.946781,2.3536015,3.479658,2.7182078,2.871538,-5.1704526,-4.9583707,-2.44753,-29.687096,6.393841,-3.7402945
899.7393016910557,-5.1391687,-9.510569,2.601582,3.3768013,2.868961,3.1478217,-4.916628,-4.927129,-3.0549598,-28.719185,5.7073927,-3.430593
905.7553324984265,-5.0890727,-9.782755,0.12712473,3.8996544,2.5653164,1.8843988,-4.970312,-5.056656,2.2628384,-29.941387,4.35328,-2.7800741
907.7703952060843,-5.309514,-10.102443,1.8047357,3.6920228,2.4453595,1.963719,-5.0900755,-5.12901,2.3272629,-29.832611,6.885617,-2.9136193
908.4830134545888,2.4802492,-2.1787982,-4.119429,-4.050258,-4.1440473,-4.0451617,3.0003698,2.129007,-3.8286371,0.29742932,-11.3716135,-3.8183062
908.7745114487701,-4.792778,-9.561979,-1.4884264,4.051978,2.5422091,1.2438112,-4.807964,-4.7661777,2.2215798,-27.77,3.9878852,-3.1152177
919.7137760898212,-5.1202326,-9.920103,2.48772,3.408797,2.832576,3.0092828,-5.179642,-4.966513,-1.2339214,-29.6721,7.769988,-3.8057501
922.7329686139682,-5.2373767,-10.082866,2.723382,3.3592532,2.7550445,2.9283051,-5.243276,-5.1548066,-2.1207387,-30.861841,7.624063,-4.227434
925.7571038273928,-5.1994085,-10.188882,2.6411827,3.357748,2.7210965,2.924794,-5.2479663,-5.159765,-2.3831005,-30.839537,6.827625,-4.187309
929.9953015752143,2.5640633,-2.4462056,-4.1317277,-4.134228,-4.311456,-4.241022,2.9599795,2.449567,-3.9531531,4.1918364,-11.100531,-4.0922403
952.0085148819553,2.5432565,-2.0626414,-4.212706,-4.102778,-4.36841,-4.156275,2.9178925,2.2386034,-3.994623,1.1553838,-11.023214,-3.709646
973.5207398593361,2.5579796,-2.2170165,-4.1839037,-4.3489647,-4.172886,-4.1569023,2.9386282,2.354545,-4.0606756,3.7069812,-11.464216,-3.8710818
974.0216424123246,2.3723977,-2.2046714,-4.0206447,-4.102355,-4.303833,-4.176945,2.9326527,2.027715,-3.8874686,0.90778184,-10.619242,-3.8605766
995.0330679869421,2.4957209,-2.343622,-4.155239,-4.2144647,-4.2953563,-4.1128073,2.920855,2.3288205,-4.039367,0.47418475,-11.6095495,-4.0282106
995.5339872845539,2.495393,-2.0589387,-3.901158,-4.123651,-4.268166,-3.9482038,2.9403477,2.1185625,-3.8821974,-0.094685316,-11.005855,-4.2618303
88.04038948230482,-4.4758596,-3.9762304,2.1630907,1.7241288,0.3527994,3.5953403,-4.6549907,-4.5840197,3.073634,-26.137274,9.062057,-3.2728903
96.9222867837585,-0.13915713,1.2293285,-4.844424,-0.7797185,-4.947788,-4.425662,-5.3699527,-4.086175,4.3542533,-23.855644,4.3365364,-3.9668734
108.90216723266548,-0.04959346,-0.5608901,-1.9980584,1.217884,-5.3522635,2.1623168,-5.713236,-4.594697,4.1997037,-22.551205,8.960501,-4.499894
110.89905292095045,-1.0826286,-1.2423949,-2.7359502,0.6680502,-5.495221,1.8737624,-5.6223598,-4.861973,4.2427607,-24.550085,8.712505,-4.3614874
125.00134359200638,-0.5560823,-0.11846623,1.5719306,1.7848029,0.3011828,2.129407,-4.209693,-0.46702644,3.7798326,-12.236389,8.639656,-2.3422117
126.00339731490078,-4.436247,-7.957411,2.0410218,1.8895037,-1.3393975,3.788635,-4.9509263,-4.4995914,2.942133,-26.935158,9.067353,-3.5482683
126.99838427140018,-3.1797156,-2.5103414,0.2125903,1.38512,-3.8370838,2.5317228,-5.1238527,-4.653592,4.118115,-22.631021,9.283928,-3.6979804
132.01267307998754,0.1938855,-0.8893534,2.8594038,-3.4494565,2.2743034,2.3653672,0.70384985,-0.55600095,2.3414996,-9.059825,8.363945,-2.1257555
132.94636583117958,-4.031002,-8.267084,0.08483089,1.8594501,-3.6440377,3.2192883,-4.69597,-4.2892632,3.9000473,-26.467972,9.064195,-3.1571202
139.02313448504393,-0.89012444,-1.933301,2.1314893,2.0950384,1.0897456,2.119438,0.047719777,-0.77691907,3.391977,-9.061139,8.270537,-2.4006143
142.99868975070655,-1.1732973,-0.3257614,2.686638,-0.11677979,0.12376178,2.8113732,-4.5453615,0.28510544,3.3878982,-9.57696,8.097499,-3.544831
150.88684917028493,-0.2750267,1.5906898,-4.3010554,-2.93937,-4.375206,-4.5501924,-4.9229727,-0.53021944,4.3592844,-22.100866,0.16658425,-3.5485463
152.884037473799,-0.06048466,1.6802418,-4.076858,-3.4784706,-4.331157,-4.2057986,-4.896731,-0.7957948,4.3407207,-21.116577,-2.296691,-3.1140106
154.06243273088305,-4.8632183,-4.5472093,1.9194374,2.3214781,2.0146706,3.2771108,-3.85934,-4.6548443,2.9037957,-23.128738,8.758859,-2.6833026
155.10785829974634,-4.4724407,-9.10973,2.601078,2.6970272,2.7518492,3.1189432,-0.93819565,-4.6261396,-2.130215,-20.748848,8.589615,-2.8900893
156.92541498590168,-3.8342097,-0.8773146,-3.3433201,1.8198665,-4.953929,1.1130227,-5.1454377,-4.8413706,4.206079,-24.060532,8.640711,-3.6709924
170.9024289952744,-4.355596,-6.0904994,-0.8960814,1.4603597,-3.7526064,3.3598397,-4.9053044,-4.7802057,3.9234688,-26.042953,9.9148445,-3.613852
173.00938539915737,-3.2629836,-2.7344952,2.48905,0.04545958,0.73112136,3.3439956,-4.6084666,-1.0035702,3.3095624,-17.679495,8.691812,-3.3948545
176.02838560193672,-3.7948027,-5.7721148,2.8477206,0.9176779,-0.21952051,3.0679917,-5.047616,-4.301752,3.5088713,-25.763973,9.250088,-3.2658007
177.90594518143388,0.2113473,1.12178,-4.8017592,-0.13355696,-5.1246505,-5.032828,-5.5235596,-1.5941776,4.261988,-23.607498,1.8100396,-3.8016894
179.9028414094079,0.26221102,0.6557258,-4.184246,-1.6619184,-4.5541487,-4.234856,-5.038077,-1.66295,4.3237214,-21.550617,1.5341923,-3.3130088
183.01622524361176,-2.369801,1.1948038,-3.6812599,0.2038593,-4.631239,0.15009117,-5.2260585,-3.4382203,4.228716,-22.437397,8.027968,-3.393855
187.00169540760507,-4.1275396,-5.445815,0.6143098,1.8590807,-3.0817535,3.2297797,-4.981497,-4.688691,3.7712693,-27.472042,9.447466,-3.4153914
196.05467685267845,-0.31715,0.85695624,1.4218628,0.4943102,-2.2549367,2.1303656,-5.069946,-0.49492583,3.9319918,-13.986544,8.437983,-1.5283294
196.84284972347632,0.7181812,-1.3542686,0.67117673,2.305885,-4.7045946,1.8310411,0.31789374,1.1510166,3.1920748,-3.784041,7.2702036,-3.3813636
197.92142179424647,-3.9115286,-2.2804453,-0.5142769,2.4440968,-3.85406,3.043496,-4.9652653,-5.05033,3.76363,-26.278809,9.716885,-4.1975117
197.97079029094564,-2.815741,-0.97909194,-1.7999816,2.1124513,-4.2554398,2.4979284,-5.258798,-4.82457,4.0621953,-23.522793,9.2349615,-3.7821233
199.03801410164277,-3.4271607,-0.16743936,1.6497594,0.44038796,-3.8282032,2.1746972,-4.8795643,-3.73559,4.0458403,-19.121283,8.947882,-3.432649
203.00783554791133,-3.330327,-3.887425,-0.50171775,2.4973452,-3.6120954,3.236453,-4.9565587,-4.703899,3.6092508,-24.676382,9.366447,-3.4390895
206.00182596328784,-4.14329,-0.68047225,-1.7544485,2.0921693,-4.5197763,2.4461875,-5.21155,-4.697547,4.0748463,-24.719027,9.028118,-3.840727
211.001576672857,-3.8396595,-6.4116025,0.9086507,0.3393754,-4.051626,3.0463452,-5.0299587,-4.783154,4.0046372,-25.000978,9.439386,-3.862438
216.03618526722593,-3.896042,0.43942988,1.5834765,0.97105354,-4.1914487,2.1155338,-5.293806,-4.398589,4.0226555,-23.32815,9.12679,-3.4432611
219.97861331953152,-4.5750318,-3.5148792,0.3394661,2.0126143,-3.5285058,3.5425322,-5.166417,-4.7967176,3.671145,-26.45294,9.80115,-4.1171484
224.98973047401952,-2.684012,-0.15540236,-1.4839343,2.4789057,-3.4000657,2.3427613,-4.8700542,-4.5982366,3.8217213,-22.929602,9.065382,-3.0244951
225.98662968204684,-1.2872747,0.29169703,-2.5415978,1.885802,-4.457023,1.2082348,-5.288654,-4.872767,4.105186,-26.23422,8.583853,-3.882205
227.20205935346317,-1.4710459,-1.8183466,2.3564837,2.1068902,1.7357008,2.377343,0.21869054,-1.5938987,3.1287513,-9.336505,8.707745,-0.6244893
228.064637989851,-2.3009677,-0.46397376,1.4913853,2.0140204,1.1905862,2.922891,-4.541763,-4.7669916,3.5844355,-23.666985,9.273414,-1.9196391
229.01209235449537,-0.89861673,-1.0051918,1.1090306,2.372024,-2.9087458,3.0917382,-4.552056,-3.535853,3.5608342,-24.159584,9.327113,-3.635234
235.17042864085897,-3.9620264,-9.364855,2.271942,3.207642,2.4023058,2.7126226,0.45688173,-4.663411,-1.7396805,-18.719975,8.068017,-3.4365857
241.2176960257089,-2.3616006,-2.4557877,2.546097,1.9133542,2.059268,2.7072594,0.13363183,-2.7407868,2.5766153,-13.570652,8.451592,-0.35773823
242.08027287992675,-2.8187408,-5.6000543,1.3232691,-0.3099846,-3.220732,3.7847188,-4.179091,-4.1247206,3.300224,-25.586943,7.450244,-3.539139
245.05446506999195,-1.5762022,-2.1520333,1.0571094,2.287592,-1.3114713,3.0573099,-4.8006654,-4.9060097,3.6419873,-25.854647,9.376472,-3.6706197
246.99766673576985,-4.2544384,-5.11228,1.3693926,2.6271996,-2.9060328,3.34625,-4.9425974,-5.0533595,3.4438968,-26.079184,9.319246,-3.7960238
253.21776629818507,-0.6882699,-9.186466,2.5881977,2.5869458,1.7236441,2.4111545,0.7228964,-1.9270145,2.260826,-10.3231945,8.624601,-3.4057662
254.2209189726677,-5.1099887,-9.856419,2.6078749,2.3426833,2.8443794,3.0375025,0.9015273,-4.7952724,-4.160349,-19.360008,4.8184366,-3.8546913
261.1344547102119,-3.898923,-6.045805,2.9447305,2.066934,2.2751088,3.089141,-1.0875493,-4.561418,2.1444275,-15.825919,8.840913,-2.9829285
269.24867786223507,-5.225086,-9.391233,2.9512484,1.8664436,2.5418932,3.0947716,-0.17120486,-3.8243155,0.110626526,-19.828955,8.312724,-3.205296
274.1119440695617,-4.7167563,-9.082609,1.5453033,3.3344874,-3.1888106,4.158779,-4.769136,-4.6152353,-2.7023416,-28.029947,8.551879,-4.1881466
275.0887830751128,-5.075474,-9.5270195,1.5476407,3.0080879,-1.4597108,3.1738267,-5.0159864,-5.3171763,3.1349924,-31.35443,9.776722,-4.3108835
278.2208343177235,-4.9063635,-9.966436,2.755223,2.5004606,2.774769,2.9781861,1.154364,-4.948346,-4.1051536,-19.64211,6.4884176,-3.9936888
280.0286298039873,0.2628932,2.5137608,-4.4299445,-2.603187,-4.8991637,-4.57069,-5.442948,-0.95388085,4.1956162,-22.50082,0.6343658,-2.4689252
281.0362856493995,-2.8109064,1.3107607,-1.6668048,0.4734594,-3.8640933,-2.530599,-4.788783,-3.3695533,4.2296114,-19.23229,6.3942375,-3.1106682
281.0518004312097,-2.4389763,1.5432949,2.338957,-3.50053,1.6924527,2.631091,-4.007085,1.0151969,3.1232753,-5.0805984,4.2349696,-3.0389125
281.24029940640725,-0.11905393,-4.2105975,2.3293579,-1.638397,-4.2009306,-1.7862027,-0.7328119,0.58969873,3.9693596,-9.405262,5.418082,-2.8227313
283.25573969089584,-2.1538272,-9.980209,2.8731112,2.8289418,2.040102,2.7110198,0.8402449,-4.706234,-2.0184433,-13.399526,8.843045,-4.0597777
284.26762446091493,-1.4296551,-2.5379956,2.5858722,2.3603654,1.7365769,2.5167534,0.38849473,-3.3363273,2.50249,-12.011372,8.628187,-3.2065413
292.0721573455238,-4.376133,-3.3994818,1.5496745,0.63833106,-3.4457564,3.3354993,-5.218322,-4.9646034,3.7981882,-26.55601,8.631229,-3.8423202
301.23866761792306,-4.639581,-9.890957,2.9284348,2.6353827,2.4434547,3.0045602,0.30697197,-4.890731,-3.520545,-20.688093,8.596446,-4.3185678
302.53394518939615,-4.7100883,-8.042051,1.991325,2.4024827,1.8602904,3.5556443,-3.9671514,-5.0209846,2.4622447,-27.247122,8.342257,-3.6795392
303.05047978091903,-2.581364,1.4313836,-2.1662576,-0.4476439,-4.5128193,-0.045359336,-4.857874,-4.413803,4.352665,-21.840137,7.4962544,-2.9473486
304.23647570057256,-0.5999742,-7.075121,2.5771031,2.6739483,1.666369,2.411191,0.8585085,-3.0896711,2.274595,-10.709551,8.80534,-3.5258482
306.07659791226115,-0.22646841,0.1639219,2.6964447,-0.07624226,1.760865,3.034717,-0.09221724,-4.408563,2.443196,-12.630741,8.308602,-2.8887043
307.26475333661443,-1.2253687,-9.881512,2.7721367,2.7258935,1.8140982,2.4706466,0.73091054,-4.2149086,1.4749984,-12.316692,8.596657,-3.7560759
308.0987783478931,-0.53972083,-0.574637,1.7450434,2.1295865,1.2589422,2.4235182,-2.3261573,-4.4603033,3.5451016,-17.357597,8.725298,-0.94983655
310.2833103022766,-4.624328,-9.915449,2.9249249,2.5373626,2.36989,2.884737,0.6300449,-4.8799877,-3.5455174,-18.573076,8.086771,-3.5892878
317.2255754510865,-5.1299534,-10.204906,3.248811,2.7166233,2.1976042,2.9216042,0.62549263,-4.929073,-3.625962,-19.403334,8.31198,-4.200606
323.028674108115,-0.78952646,-1.328221,1.5022743,2.2438018,0.98584294,2.5866997,-2.8317819,-5.1369987,3.6456237,-20.013391,9.073343,-2.4366035
326.23378731469126,-5.1792426,-9.509153,3.0462098,1.8336927,2.6368165,3.0285523,0.57614684,-4.839648,-3.5924456,-20.733002,7.3328533,-3.6928477
327.2334488570279,-3.2294755,-8.915132,2.9925268,2.7489471,2.0233424,2.650479,1.0412346,-4.4898176,-1.4465961,-17.772993,8.300669,-3.7425265
328.2490620834122,-5.3474226,-10.115427,2.9328337,2.1392546,2.6735404,2.967782,0.74840015,-5.0388412,-4.14539,-21.940262,6.2615156,-4.2777658
328.2582191113649,-5.006072,-9.70846,2.5299876,2.8827088,2.717742,2.9865174,0.6374648,-4.916136,-3.7203383,-22.815018,7.4100013,-3.9365597
329.2341162318805,-4.6458106,-8.183191,2.8191335,2.437287,2.4628263,3.2000601,-3.9938056,-4.6645846,1.3521662,-22.214436,8.959572,-3.4721236
329.24916906370004,-4.26266,-9.299099,2.852168,2.7858286,2.275813,2.592513,1.0800922,-4.819066,-3.3862152,-16.776134,7.917509,-4.022442
331.2643761131768,-2.6761115,-7.746833,2.9217029,2.7447143,2.0971096,2.669443,0.88823134,-4.360961,0.23530638,-16.502216,8.86653,-3.6808133
333.09419689884004,-3.8714962,2.9653172,1.663033,-2.3378499,2.1308417,1.054442,-4.83756,0.47937554,3.5549078,-10.199806,7.796915,-0.34737593
337.31113455361975,-4.604065,-9.525038,2.870741,2.379471,2.6374843,3.0963678,0.38014525,-4.824091,-3.6198554,-22.306183,7.179078,-3.9983916
347.04014579367134,-4.709211,-9.779381,2.0020092,3.0466247,2.0251245,3.3480628,-4.3329897,-5.1381054,2.044437,-30.344973,9.768733,-4.1554413
347.0594908074702,-4.605264,-7.515356,1.8247651,2.2507071,-2.0616803,3.8635988,-4.6047945,-4.856475,2.9710124,-26.672287,8.69331,-3.2459595
348.9440056751589,-2.9315712,-3.119417,-1.2119747,1.8339094,-4.75691,2.6791077,-5.2554655,-4.700303,4.041023,-24.71108,8.732811,-4.202652
350.9411793837232,-3.7366812,-5.6394787,-0.64002043,1.8029215,-4.2418137,2.8358343,-5.0654182,-4.6480923,4.078677,-25.424217,9.062304,-3.56
360.9624010138954,-3.3640924,-4.463725,-1.2140568,1.7718856,-4.3811955,2.4660857,-5.02375,-4.4354086,4.087229,-23.258823,8.732828,-3.5799992
362.051071780642,-2.745855,-5.645999,1.4919298,2.7117827,0.7974123,3.184637,-2.481771,-5.097499,3.1400342,-23.853086,9.5031395,-3.7502997
362.9596002952725,-0.38056532,-1.2464024,0.8798776,1.9415326,-3.8517962,2.265856,-5.294886,-2.4451816,3.982069,-20.811777,8.923044,-3.6912272
364.9569285058741,-0.92991054,-2.3197982,0.7835753,1.9608067,-3.9791384,2.483243,-5.2305593,-4.424788,3.9812198,-24.49433,9.122228,-3.8860936
366.2280861792315,-4.0570617,-9.246408,2.7948306,3.0459971,2.4774632,2.1968782,1.5650508,-4.5310297,-3.9277625,-15.127462,4.651126,-2.9349954
366.2499474237735,-5.07613,-10.018867,3.3595037,2.607431,1.5779103,3.2025642,-2.702532,-4.5842524,-1.3335183,-22.614267,9.653709,-4.0772257
367.24373251337806,-4.958739,-10.376754,3.0801098,2.7349641,1.6336886,2.8646708,-0.31944796,-4.7388234,1.7982621,-19.04401,9.310968,-4.198442
369.26498908612126,-5.387024,-9.905386,3.0241773,0.95723337,3.0892184,2.799186,1.1244733,-4.8076816,-4.3940363,-17.60283,2.680109,-3.919361
371.2806935667929,-5.3033805,-10.531019,3.084492,2.3071077,2.5109434,2.8390074,0.9359368,-4.8000126,-4.302888,-16.837137,6.651991,-4.359603
375.23930054863894,-2.9655778,-4.473564,2.5132928,2.542346,1.9723372,2.7654743,-1.3610367,-4.5613165,2.8521142,-18.472414,9.255263,-2.3975456
375.27549900828615,-5.128077,-9.73618,3.183356,1.7764655,2.8599582,2.9674704,0.66315037,-4.843237,-3.8914526,-18.374039,5.830783,-3.6528292
382.9051074017063,-1.4496256,-6.3580065,0.60917425,2.2035575,-4.122116,2.7669137,-5.1095605,-4.354512,3.8755786,-24.165062,9.009777,-3.9845395
384.9021188095627,-2.2588463,-3.9359417,0.2890818,2.104917,-4.158452,2.626803,-5.157307,-4.434148,3.9260683,-25.315033,9.037914,-4.2054048
390.25012601755395,-1.1929992,-10.477791,2.7667713,2.7420683,1.7458806,2.5347402,0.581432,-3.981849,2.2627006,-13.486062,9.0915575,-4.1575117
391.24406119228485,-1.0185503,-9.889725,2.6399066,2.6058822,1.5875479,2.4289842,0.5423668,-2.6191409,2.6679528,-11.594753,8.989038,-3.88032
392.2293141981333,-4.387088,-9.227209,3.2547667,2.5024283,2.1942594,3.2453358,-4.21578,-4.812809,-0.7686054,-26.386385,9.358152,-3.4516683
393.2625311078134,-1.1938722,-7.9779434,2.5437233,3.026764,2.4525776,1.4960375,1.119947,-3.693925,1.441124,-10.265088,7.780538,-2.3615148
393.2782623168676,-4.7464027,-9.112831,3.5278628,0.9620118,-2.2703428,3.578556,-4.738833,-4.4045596,2.0622334,-25.505684,9.513081,-3.6560316
396.9206742817861,-1.3373773,-4.271988,1.3591433,2.2866764,-3.7299821,2.643301,-4.710055,-4.4625907,3.7389956,-22.151285,8.93611,-3.7213738
398.9177721690224,-1.9563954,-4.293765,1.5777457,2.3704112,-3.640045,2.6949306,-4.7407775,-4.4565163,3.8072858,-20.121014,9.200092,-4.1041455
399.2752958986302,-1.4201134,-9.907799,2.9103765,2.7843702,2.2013147,2.6682577,1.006596,-4.564431,-2.8860867,-11.847176,8.546949,-3.923197
401.29108621602154,-4.067305,-9.760048,2.9298036,2.7465553,2.5899847,2.7424626,1.1582458,-4.808787,-3.6932976,-15.169419,7.919351,-4.1669908
409.05158671653425,-2.31099,-3.1598403,1.048414,2.4456487,-2.078437,2.8978739,-4.4841976,-5.110872,3.483633,-24.41336,9.124672,-3.3881962
413.246789811073,-4.726389,-9.971001,3.0023866,2.7620687,1.9327025,2.7264426,0.27953586,-4.50923,-0.06528398,-16.731142,8.958209,-4.157551
416.15636215171224,-0.66089356,0.006062746,-0.4462407,1.300002,-4.7921824,0.18580894,-5.1993437,-4.1899,4.120443,-23.120808,8.041194,-2.5279045
417.26848124728025,-4.895442,-10.555891,2.9767177,2.7290242,2.224243,2.7239015,0.912885,-4.9045873,-3.3965096,-17.816767,8.523819,-4.222808
419.26547436117687,-4.835762,-8.158577,3.1055424,1.937066,2.6561604,3.2275097,-3.0924819,-4.5063233,-1.8651729,-19.408129,8.414747,-3.2731237
419.30154358064294,-5.4168983,-10.428858,3.2940493,1.8040334,2.5859118,3.0212042,0.6697985,-4.177032,-4.0057187,-13.223416,8.002079,-4.1733456
421.94272151368267,0.04922023,-7.8045516,2.2278981,2.7119465,-0.5924137,2.3909883,-1.0991681,-3.9618573,3.4376423,-22.05688,8.718882,-2.5745912
423.9395643825002,-0.3100369,-3.8108,1.9964035,2.5427516,-0.10529116,2.1040154,-0.3602849,-3.8086438,3.488849,-15.192961,8.581242,-1.749989
425.0809919451843,-4.266253,-8.568613,0.02511954,2.5293803,-3.8775678,3.7425961,-4.6845193,-4.746208,3.595022,-24.845066,5.81019,-3.2540348
425.9366505887358,-0.38906297,-7.8886166,2.1561944,2.7420685,-0.53266734,2.3476243,-0.9009998,-4.1236014,3.5641208,-19.73968,9.011372,-2.8599257
431.0332641709292,-1.3242134,-2.0996556,0.8141367,2.9043443,-0.728816,2.8857045,-4.088113,-4.762349,3.452511,-23.690184,9.492678,-1.5252119
432.02560397087444,-3.2824955,-9.035829,2.7093658,2.9354613,-1.1409262,2.1783323,-1.8870277,-4.156696,3.200005,-20.250175,8.209751,-2.9452097
437.9553421313627,-1.2953235,-9.245882,2.7070477,3.0407495,0.46528625,2.4434948,0.0770722,-4.711615,2.8231175,-20.166359,8.380308,-3.3039052
439.2466690433175,-4.8975563,-8.864983,3.0792608,1.8168552,1.4355152,3.323943,-4.8995724,-4.5069265,2.5823758,-27.322891,9.566854,-4.2934155
439.9524092951356,-1.0920346,-8.467699,2.6361277,3.1398945,-1.1959865,2.237742,-0.31590575,-4.406391,2.8709052,-20.024714,8.442404,-3.514838
440.2657472665796,-3.907424,-10.114216,3.0577168,2.8211615,2.2396023,2.6550784,0.9517266,-4.8830466,-2.610931,-18.487066,8.583322,-3.9176323
444.3048509006433,-5.407248,-10.004265,3.1538484,0.010935183,3.0358548,2.8255658,0.91325384,-4.617556,-4.458633,-16.328444,2.4415927,-3.8330271
464.85043842507764,-3.379085,-4.9576426,-0.21765754,1.3504211,-4.2728457,2.9243214,-4.841115,-4.5352387,4.079595,-23.665298,8.296967,-3.9637482
465.986391371257,-2.302506,-8.607903,3.0784156,2.992468,2.1343243,2.4794466,0.10589917,-3.9036248,2.0300725,-16.85397,8.690222,-1.9375681
466.26566230669573,-4.1564426,-6.2775307,2.953109,2.3599298,2.004032,2.8087392,-3.0400336,-4.5181007,2.5731921,-20.875906,9.227666,-3.2593668
466.84747244516325,-3.29154,-7.5085406,-0.6775918,2.1260064,-4.5113387,2.8178718,-4.6281853,-3.943622,3.9494236,-25.011755,9.266096,-3.8430967
511.4731019323091,-5.2812986,-10.129791,3.3469322,1.0375634,2.791783,3.0806372,0.6918023,-4.7477865,-4.2514076,-18.056408,6.3029947,-4.2652283
528.2732926516458,-1.0186146,-7.266362,2.5840282,2.506549,1.6952198,2.348522,0.7242688,-3.6410725,2.659581,-10.777403,8.757097,-3.0534074
529.2763089845431,-5.2758107,-10.466435,3.0526938,2.6996365,2.508987,2.8460386,0.7637169,-5.201405,-3.8300734,-23.411846,8.472621,-4.0311165
533.4572806325616,-5.16646,-10.138897,3.021416,2.009208,2.938637,2.690317,1.4457648,-4.784357,-4.4947505,-18.852974,0.14352131,-3.7732952
536.4762155955389,-5.4302855,-10.669643,3.01675,2.44479,2.563149,2.7766826,1.1561477,-5.037035,-4.4003673,-17.611492,4.8892155,-4.250131
538.4918702010622,-5.088734,-10.7788515,3.0487144,2.7389977,2.2292774,2.7369123,0.93917435,-5.055063,-3.9643414,-15.482198,8.420126,-4.5543394
539.5036711800542,-5.253618,-10.226948,3.3670323,1.4839499,2.516767,3.0928776,0.16878998,-4.668198,-3.9296267,-19.609177,7.988209,-4.1098685
556.2687527107976,-2.3892589,-8.621638,2.557875,2.7312114,1.6897842,2.3771956,0.030154703,-4.89011,2.947084,-17.856373,8.968647,-1.7907765
557.2725747492069,-3.370247,-8.764924,2.7371008,3.0808277,2.3361394,2.867172,-2.8438127,-4.4028826,2.246282,-20.333273,8.029413,0.08401834
557.4581092568693,-5.0923343,-10.033678,2.8518357,2.5413187,3.0206544,2.4253933,1.5845926,-4.8749394,-4.3345246,-18.653584,0.059736967,-3.7104566
566.5241637298645,-4.8874674,-10.362186,3.0781038,2.4657843,2.4564767,2.8999221,0.9203804,-5.094947,-4.273766,-18.914068,7.4872966,-4.1938167
583.4739266558681,-4.9170494,-10.104267,3.1008608,2.5560024,2.586798,1.7889264,1.9158833,-4.797626,-4.545849,-15.7652855,2.869917,-3.6254816
585.5114708567991,-5.289274,-9.715841,3.2746396,-1.1399176,2.9862142,2.9783359,0.057321556,-4.4688168,-4.1506314,-16.553972,3.6907835,-3.9238584
587.5046144894162,-5.2011957,-10.146889,3.0998037,2.3280404,2.7821794,2.467931,1.4977483,-4.8866024,-4.253371,-18.261597,2.788589,-3.8631914
589.5205829321543,-4.789858,-10.538807,3.0727987,2.7219305,2.4954405,2.7669663,1.2503992,-4.9240108,-4.2338786,-18.34284,6.6780214,-4.362223
591.2693226296545,-4.8582397,-9.685841,2.9549327,3.2995753,2.0152497,2.8181326,0.2674501,-4.8083234,-3.1397228,-23.394884,8.217557,-3.7490454
591.5359958315314,-3.470583,-10.661451,2.950382,2.7083628,2.2967458,2.7490864,1.079484,-5.1087127,-3.9434798,-17.624601,8.099588,-4.486115
592.5395536450224,-4.531645,-9.831898,3.1238077,1.3878584,2.921255,3.0076973,1.0579675,-4.7933245,-4.2373967,-18.039055,2.1779308,-3.8868318
606.0749691379767,-4.175276,-8.720638,1.5826684,2.8337977,0.2208726,3.7230117,-3.9915867,-4.837375,2.3336482,-26.93826,8.438697,-3.5236895
609.5120455413432,-1.9568367,-9.966572,2.9604235,2.7633264,2.1036637,2.6321795,0.98905444,-3.8216188,-2.8786454,-10.21978,8.830534,-4.2614875
610.5152924075304,-5.145902,-10.288775,3.0767045,2.1160455,2.8475559,2.8304825,1.2488879,-4.7649946,-4.5227838,-14.831702,4.3397336,-4.258175
611.5274919331004,-2.587428,-10.019154,2.9587305,2.761304,2.0606701,2.6607926,0.9404355,-4.0661573,-1.0874074,-10.379692,8.729864,-4.107769
612.5309407070264,-5.456427,-10.580227,3.028912,2.184983,2.6890287,2.794955,0.9489806,-4.75218,-4.224735,-15.800728,5.0039325,-4.628232
633.511752861228,-1.7012836,-10.491768,2.958395,2.7853007,2.134167,2.6308846,1.1641545,-4.097869,-2.8925197,-10.361729,8.52839,-4.2495046
634.5147793274784,-5.1867294,-10.396653,2.9827712,2.3019605,2.747777,2.7249916,1.3479902,-4.869532,-4.258373,-14.768013,5.83903,-4.535116
636.5304080879085,-3.165852,-10.24163,2.899937,2.710921,2.1642296,2.61462,1.064942,-4.146041,-3.5522978,-10.6923485,8.430708,-4.4675937
638.5461431462845,-4.316036,-10.516715,3.071382,2.5514185,2.5025516,2.7874537,1.1692528,-4.714129,-4.105025,-14.92161,7.709092,-4.2597632
639.5565550087291,-5.062442,-9.695054,3.0334883,1.5082179,2.9587812,2.8837714,0.94034857,-4.813222,-4.2736344,-19.62402,4.0051265,-3.9742408
653.4927876789029,-4.9998255,-10.021589,3.254971,2.8421714,0.77560925,3.1895213,-3.9341407,-4.960042,-1.6128983,-26.255962,9.309038,-4.197118
654.496269279783,-4.626424,-10.349113,3.0536318,3.0155842,1.5780942,2.78784,0.14396958,-5.105351,1.6571116,-22.388096,9.416768,-4.0329614
655.504882557469,-4.9169517,-9.997641,3.2847123,2.8753698,0.5224555,3.2081258,-4.336296,-4.934154,-1.184105,-26.781673,9.457488,-4.1350822
656.51187934263,-4.1705227,-10.769749,2.9201677,2.8197894,1.4787176,2.692225,0.040119417,-4.991339,2.2045581,-22.046732,9.270019,-4.121228
657.5118501948282,-4.816455,-10.296826,3.1558983,2.7781162,2.2189603,2.7976677,0.9690431,-4.964178,-3.155945,-18.330267,8.63871,-4.1887817
659.5264959269217,-4.1488433,-9.726767,3.1486502,1.7542883,2.8002129,2.61649,1.3349094,-4.817576,-4.4149446,-15.624641,6.314718,-4.1284437
678.4974836530346,-4.7040496,-9.739208,3.3795278,3.0282805,1.3565805,2.9570875,-2.356538,-4.7804317,-2.4537659,-25.059656,9.235227,-4.226152
680.5129143532625,-1.4122719,-10.664802,2.7902102,2.795298,1.5289963,2.520646,0.37710735,-5.0301156,2.3254986,-19.108982,9.081022,-3.7860904
681.5157215481386,-4.645815,-10.092803,3.355405,3.0274262,0.46485156,3.04266,-1.0422888,-4.891503,-1.2829986,-24.488775,9.110818,-4.1076684
682.528756123638,-1.6991543,-10.76137,2.810868,2.7754076,1.5231439,2.5870464,0.31359926,-5.099827,2.3728225,-20.007395,9.144356,-4.2646966
683.5125027727631,-4.104397,-7.742242,2.840635,-0.6251842,3.2819152,2.7164586,0.49785978,-3.5760815,-2.7055647,-10.126696,6.9254513,-2.7821355
683.5319333002944,-4.824876,-9.343905,3.522352,2.962066,-2.379788,3.0283735,-4.239977,-4.7624793,0.37351236,-28.2043,9.114836,-3.8139124
786.5324780449847,-4.862917,-9.989801,3.476331,2.2856798,2.3571897,3.1129797,-1.5224192,-4.7960696,-3.5006804,-23.904097,8.987659,-4.3100696
788.5476587894711,-3.7354782,-8.700436,3.0643702,2.427649,1.7463288,2.8547041,-0.5069451,-4.890126,1.9383447,-20.53768,9.234974,-3.6949546
789.5511211850243,-4.7428584,-8.465294,3.6007133,1.3728714,1.6558429,3.3547437,-4.3658733,-4.6529,-2.882615,-26.27675,9.125406,-4.0431166
885.553757973446,-1.7560033,-8.5299225,2.7176187,2.597249,1.7702489,2.4467366,0.6098735,-4.009961,2.7801394,-11.355068,9.100523,-2.789946
886.556970803666,-5.126024,-9.7891035,3.0599647,2.6891968,2.105086,2.7330158,0.29747257,-5.03505,-0.049804255,-20.290333,9.017272,-3.9951365
887.563849728756,-4.9153266,-9.40381,3.4503396,1.9613816,2.6007028,3.2239602,-2.8632095,-4.6478386,-3.7191553,-22.488392,7.4962206,-2.9673705
