,Shared topic 1,Shared topic 2,Shared topic 3,Shared topic 4,Shared topic 5,Shared topic 6,Shared topic 7,Shared topic 8,Shared topic 9,Shared topic 10,ATAC private topic 2,ATAC private topic 3,ATAC private topic 4,ATAC private topic 6,ATAC private topic 9,ATAC private topic 10
104.10721613216346,1.2472472,-0.834378,-1.095668,2.4340296,0.81361353,-0.55141884,0.36499822,0.25907835,-0.056907885,-0.6891787,3.763324,1.325248,0.45748037,0.083426125,0.96541464,1.6095865
114.0663487757167,1.4857286,-3.5043764,-5.127292,3.0413606,-1.161932,-4.915811,0.21390074,-4.612292,0.7661276,-4.036858,3.848517,-0.61986536,0.962058,-1.3709258,-3.567208,2.8464124
119.08989347482412,1.6390852,-4.408173,-3.736946,3.455127,-2.204141,-4.48166,-4.032597,-4.3597193,-0.53472215,-4.398415,5.526105,-1.9934087,-3.440147,-3.9856544,-3.3016033,3.0193827
141.07147334429604,1.7251965,-4.051472,-4.807753,3.3097043,-0.04983267,-4.887181,-4.285492,-4.3388762,-0.3615507,-4.8344073,4.450487,-0.8216852,-3.163837,-3.9289362,-3.079464,3.0157971
142.94804145265775,1.5650289,-1.3807374,-4.9041796,3.2537587,-1.7982529,-4.0131917,-3.7102544,0.08786376,-2.7113008,-1.5687726,3.865691,-2.3707805,0.09488248,-0.29688832,-2.0737815,2.755368
146.16516858340012,1.5718639,-4.985857,0.10113069,3.5806582,-1.451023,-4.4393888,-4.3005066,-4.2281966,-4.4805117,-4.6372433,6.3131223,-0.721918,-3.6607559,-4.307105,-2.7524235,2.6460886
150.97673966710036,1.5018287,-3.7244296,-4.7893662,3.1635191,-2.9205735,-4.786186,0.31107688,-2.956708,0.14720999,-1.9657679,3.9288726,-3.7648706,0.29987162,0.11550417,-3.5178256,2.7558038
163.97769453157306,1.2768409,-2.0500398,-2.5304122,3.5126219,-2.147254,-4.035802,-4.2213883,-2.8437395,-3.441073,-3.1073225,3.2693412,-3.2618632,-3.0833566,-2.38973,-3.0521212,3.0134907
164.00826925149738,1.3867148,-4.1721745,-0.19820586,3.5352614,-2.1505442,-2.7363722,-3.5783007,-3.164009,-3.092029,-2.9471202,3.4331975,-2.9024181,-2.4188333,-2.4378853,-2.4919329,3.0399954
169.98583471858657,1.0921377,-1.000136,-3.407689,3.0181623,-1.9980364,-3.9566636,-0.15412505,0.5033426,-0.3135015,-0.9118808,2.7212698,-3.1087,-0.20397054,0.57613945,-2.737713,2.5807073
188.17563513707617,2.4841697,-4.0484767,-3.798819,2.8888242,-2.962358,-3.8453684,-3.5447664,-3.7015383,-0.8767574,-3.5694113,5.956704,0.036820143,-3.0155706,-3.4725404,-2.8199046,2.3708808
195.06271277531698,1.2162918,-0.62073,-4.0875683,3.1378255,-0.7993685,-2.6482067,0.23259518,-2.382239,-1.710512,-3.2273073,3.9399867,-0.6094668,0.77802336,0.41420877,-2.8328304,2.562762
205.06005018215913,1.2133094,-1.7742072,-4.8277793,2.770559,-2.9992208,-4.442885,1.6237835,-4.227268,1.374091,-2.8885772,3.450399,0.75959295,1.8131293,-0.23712385,-3.5979311,2.7395637
206.05539519878883,0.92952496,-3.1883163,0.8721959,3.5435586,-2.5505142,-3.1542397,-4.3120356,-3.9791286,-4.2921624,-4.0914803,4.0226254,-3.2247925,-3.1543405,-3.5425277,-2.4236224,2.7617385
221.18619238088982,2.012514,-4.311014,-1.8697311,3.2351458,-2.0498,-4.758475,-4.4656916,-4.6016126,0.5121728,-4.7808857,4.5263,-0.79552335,-3.5189948,-4.087063,-3.6941338,3.234138
243.09931152472012,1.5417947,-1.1495534,-4.4114757,3.2553122,-1.3614026,-3.7265635,-1.0416476,-2.9244938,-2.4924283,-2.2100759,4.6211596,-1.6649538,-0.5231391,-2.1142383,-2.3551939,2.8470936
255.09915080142363,1.3388009,-4.0487175,-4.4910564,3.3675537,-2.2974749,-4.018513,-0.5258054,-2.9493692,-1.808121,-3.2811382,3.6772428,-2.3054523,0.48119873,-2.664142,-3.075501,2.9389558
261.10966185035926,0.93439066,-1.5177648,-4.0628676,3.4313393,-1.7950454,-3.1035075,-0.574039,-3.315656,-2.0458791,-3.643879,4.43892,-2.868858,-0.04393589,-2.1210248,-2.778102,2.8124125
267.09922367205917,1.3222495,-1.7948369,-4.0201135,3.3072453,-1.4955757,-3.026232,-0.39196715,-2.9411988,-2.7466183,-1.674588,2.1765022,-2.608232,0.31901383,-2.8260038,-2.7916405,2.8825133
277.1046854722379,1.0691955,-0.41279316,-3.89016,2.9069111,1.0874931,-3.9756274,-0.36758462,-3.7667565,1.283141,-3.7936885,1.6457386,0.84578586,1.2328665,-2.904177,-2.367658,3.0316508
283.1305129141175,0.91682833,-1.1484383,-4.9543643,3.3897824,-0.3845309,-4.538178,-0.43726495,-2.339015,-3.7083144,-3.1055126,3.0583992,-2.3024664,0.20073107,-1.1375004,-1.1476219,2.8883216
305.1568601303938,0.6536415,0.15716638,-2.0132089,1.9878513,1.4119695,-3.1759908,1.0944018,-1.0665214,1.3819374,-0.35231537,1.0665381,1.797077,1.6491892,-0.55246806,-0.08965853,2.3937159
317.11518519135484,1.1639278,-0.9026193,-1.1602415,2.3386483,0.7086302,-0.50478035,0.38284275,0.39053768,-0.22300969,-0.6288972,3.59055,1.182366,0.45408425,0.19297649,0.81372267,1.4672201
325.177311613809,1.3248556,-3.6738162,-3.4541118,3.3181667,-1.251852,-2.3725772,-0.73602575,-2.478896,-1.7532126,-2.228193,3.1018634,-2.5435672,0.5755503,-1.2006701,-2.912099,2.6872146
331.20901611987676,1.1728581,-3.2542045,-4.9090834,3.24726,-0.43393287,-4.1710377,-0.84930575,-3.2039745,-0.89112437,-1.7493434,4.759324,-0.40517735,0.54629785,-2.4519787,-2.5113163,2.5255709
409.18336016445807,-3.5118818,0.3546529,-2.1903412,0.31247184,-0.019166637,0.094465494,1.7699008,2.163137,0.19394447,0.32039768,-7.898983,-1.2862188,0.35122934,0.2027134,-0.6418903,1.3808198
450.55301652070364,-2.7479005,0.119472,0.4752387,-4.0850315,-3.783737,0.53503805,1.9645613,2.1614249,1.3186398,-0.09620635,-11.267979,-2.8245215,1.1471351,2.1049638,-2.2525072,-2.2155755
450.8877268561712,-2.792515,-0.46843112,0.091931835,-3.8062015,-3.6022885,0.8935063,2.0565565,2.101338,1.6792729,-0.4726571,-10.023163,-2.1759014,0.86617553,2.0891294,-2.6354103,-3.1294525
453.2095792347797,-3.9730377,0.21040078,0.027091926,-1.2858677,-1.9498622,0.41102096,1.4908165,2.4403925,0.0065912995,0.4754484,-7.8562255,-1.0209348,0.2529366,1.0882142,-1.0082349,0.10856847
463.9115409998158,-3.754669,0.23764712,0.2609742,-3.755932,-3.6916451,1.0759085,2.327011,2.2766483,-0.05166713,-0.10865335,-10.016423,-2.9215724,-0.84943485,2.1521266,-1.7832801,-2.956693
465.2283399515315,-1.8570902,0.42591065,-0.108968094,-4.380547,1.1317797,0.6491455,1.4934541,2.0149384,0.8094296,0.36589113,-12.742134,0.35080063,1.4131525,1.337848,2.177693,-0.030015904
465.5631258867581,-3.3849478,0.5321459,-0.16660863,-4.3627033,-2.1674993,0.80210185,1.7366126,2.2228637,1.0408653,0.47886258,-12.0821085,-3.3665838,1.5856645,1.5962182,1.6585628,-2.1062038
465.89656668656824,-4.0943403,0.29049307,-0.9063744,-4.14939,-3.8672419,0.47375602,1.7026296,2.4349122,1.1990026,0.37814644,-11.440426,-3.587679,1.4223642,1.8403643,-0.6861666,-3.3660245
470.5534619718108,-2.6675339,-0.026031729,-0.8015153,-4.119114,-3.3284826,0.455997,1.8670336,2.6344817,1.0840862,0.55136675,-10.7427635,-3.0962276,0.36345848,2.0842524,-2.1615708,-3.0012286
478.92025987617245,-3.9188669,-0.629708,-0.4180235,-4.0357,-3.8928995,1.1953222,2.0913572,2.376984,0.6692176,1.0041214,-9.338637,-3.351474,-0.9702431,2.1044111,0.33443654,-3.164904
479.9038387582657,-1.6240505,0.32355925,-0.15074882,-4.5054502,1.5202074,0.45882264,1.3387672,1.7802082,0.74546695,0.29028213,-12.7562685,0.9533687,1.2987401,1.1642306,2.1740777,1.2136459
480.2392946824935,-3.04276,0.39216936,-0.16926315,-4.4287853,1.2913693,0.5394481,1.4589051,1.9296199,0.8012355,0.42297015,-13.000368,0.21673809,1.4403918,1.2591283,2.3177323,0.61692804
480.571938125089,-3.788007,0.58234423,-0.39539897,-4.466187,-0.18191391,0.80701226,1.6373383,2.2683227,0.9186093,0.59137684,-12.472426,-3.0070367,1.3379625,1.6106416,1.9255563,-2.6934764
480.90576653196075,-4.1542177,0.39201885,-0.24738503,-4.2189426,-3.9707146,0.5549851,2.0722406,2.220405,1.199341,0.4553516,-11.804132,-3.6009953,1.0988694,2.0311382,-2.132247,-3.016309
485.2287549811139,-4.2652264,0.5143818,-0.20114756,-4.161625,-3.1940532,0.68663067,1.6993747,2.5038571,0.8318327,0.530919,-12.258912,-3.5626442,1.0906233,1.848404,1.2554241,-3.1134994
485.56335188492085,-3.7157595,0.32909507,-0.6883379,-4.1078353,-3.90256,-0.31618515,1.7793007,2.4904506,1.2778647,0.5688928,-10.514317,-3.5332654,-0.14164633,2.2039878,-1.0042144,-2.558509
490.5909780269423,-3.282191,0.28883097,-0.57492185,-3.7186153,-3.1105676,0.4005332,1.7730192,2.2472715,1.200985,0.8629571,-8.772246,-0.988554,-0.12538172,2.5932684,-2.1036313,-3.07575
492.92762636807333,-4.0544887,0.35332185,0.35097834,-4.2407565,-2.0316677,1.0983198,1.7020372,2.2578971,0.7534216,0.7443105,-12.044759,-2.321527,1.3439631,1.5958929,2.1449661,-3.4477873
493.2619550954543,-4.236192,0.15529624,-0.07228073,-4.4437976,-3.71228,1.265605,1.8663155,2.3579745,0.7924586,0.92200017,-12.666991,-3.246367,1.4208559,1.7900015,0.518127,-3.785361
493.5955515817928,-3.8152337,0.22595662,-0.2134125,-4.1736894,-3.9681134,1.2064208,1.7993292,2.3682878,0.79970753,1.0282373,-11.845509,-3.4159544,0.3624701,1.9190776,-2.3911788,-3.880081
494.579584838628,-0.72071695,0.26194,-0.30766642,-4.2916737,1.63249,0.468723,1.3010465,1.714939,0.63438123,0.27351093,-13.049194,1.1573141,1.1977687,1.130394,2.1991014,1.3911551
494.9141973198271,-1.6421798,0.365585,-0.24181242,-4.432855,1.5462457,0.51363665,1.3863655,1.8673576,0.7388405,0.36077002,-12.944672,0.98676187,1.3736056,1.2095134,2.3263452,1.0064626
495.2473765981361,-3.9959054,0.45424497,-0.15978299,-4.5072436,0.894656,0.6924157,1.536331,2.1102545,0.8340507,0.4981047,-13.034666,-2.3425918,1.4685057,1.4256757,2.2190123,-1.5797055
495.581149111223,-4.206747,0.56437564,-0.5881143,-4.2269955,-3.8104324,0.7266672,1.865245,2.40253,1.0742874,0.64541036,-12.850877,-3.2750645,1.0381676,1.9268112,-0.39778745,-1.8137963
497.7538424429379,-3.5306368,-0.402758,0.37422597,-3.732208,-3.3336718,0.31155786,1.8477675,2.4796662,0.99172044,0.89312327,-10.205128,-2.5338755,-0.5720036,2.4029915,-1.8676872,-3.423086
499.903935505119,-3.701001,0.42843327,0.08503425,-4.3474197,-3.5225878,0.88882864,1.6317002,2.536609,0.917141,0.4222746,-12.565661,-3.5790644,1.0838853,1.7718858,1.1572783,-3.4609265
500.23858275884396,-4.147126,0.10322105,-0.29912257,-4.147076,-3.3904324,0.73803717,1.6850177,2.5583055,0.8611903,0.583308,-12.189989,-3.1342692,0.7683619,1.9050622,-0.7382239,-3.359027
500.57171018677553,-3.66039,0.050242934,-0.23091327,-3.9406419,-3.7914784,-0.065823115,1.4732665,2.6060207,1.0251262,0.70880246,-10.030539,-2.1949267,-2.1526537,2.1831934,-2.978922,-2.3892684
507.9377993311231,-4.2486835,0.18762368,0.37970316,-4.3282475,-2.6516163,1.0974972,1.6799028,2.284572,0.74028873,0.8356429,-12.353937,-3.090774,1.2950286,1.5650097,1.9374362,-3.4601722
508.2711803315196,-3.7472315,-0.08966366,0.29805732,-4.19809,-3.8453455,1.2773856,1.7439857,2.3413484,0.5737602,0.8411252,-11.724401,-3.3354495,0.65546656,1.8480769,0.45974928,-2.8995717
508.6049300600752,-3.65465,-0.9659059,-0.039104655,-3.8796234,-3.9609025,1.0770857,2.0337212,2.4660082,0.3596578,1.2197503,-9.970582,-3.2948391,-0.21981493,2.2253373,-2.2055159,-3.2687914
508.76054176492727,-3.9993582,-0.32456434,0.15531598,-3.8573194,-3.6594188,0.5453102,1.1731486,2.514721,1.2379096,0.55927104,-9.660791,-3.1760447,0.34622502,2.3886068,-1.5004365,-3.4093235
509.0118103577783,-3.6101625,-0.8545853,0.04595912,-3.836869,-3.4732451,0.21638505,1.7376238,2.563977,0.8952115,0.9356629,-9.533764,-1.9100914,-1.3323693,2.4702814,-1.6393462,-2.8172843
509.2552829055155,-0.43948242,0.16075814,-0.19571605,-4.297019,1.7022778,0.41587833,1.2423104,1.6315228,0.5741979,0.22482313,-10.766359,1.4008571,1.2012777,1.0832337,2.1461096,1.396218
509.58934554543896,-1.3197678,0.3264807,-0.17493032,-4.681474,1.5478934,0.46536994,1.2744615,1.725198,0.6489865,0.35478443,-12.361217,1.108134,1.2744794,1.1235443,2.2585766,1.0622424
509.9229628592716,-3.6505878,0.4554561,0.036039773,-4.698117,1.2310642,0.7270689,1.5036721,2.1056564,0.8315049,0.5203262,-13.208887,0.63319474,1.4091281,1.39186,2.2952678,-0.58562344
510.25777952582314,-4.4612265,0.4342497,-0.63579595,-4.3479624,-4.094607,0.6053825,1.9570234,2.479181,1.023803,0.8093693,-12.527517,-3.783646,0.90546644,2.023094,0.17973953,-3.4972804
510.5904929207744,-3.8255088,-1.2870691,-0.24781257,-3.8347557,-3.4986434,0.5668357,2.0493243,2.500272,0.89121556,0.852711,-11.066869,-3.4004586,-0.80946505,2.4130957,-2.016187,-2.4557471
514.5795507688714,-4.009309,0.33634123,0.27152342,-4.3062186,-0.9895743,0.7983656,1.5606538,2.418241,0.83034396,0.48682284,-12.831167,-2.2728877,0.9212477,1.6536258,1.598238,-3.5200577
514.9141088106072,-3.8903763,0.28279564,0.026502462,-4.0159535,-3.5164099,0.93372124,1.6407275,2.5390317,0.6309629,0.32086757,-11.987381,-3.7825341,0.6662925,1.8080305,1.481512,-1.5998908
515.24714677643,-3.9237335,0.0038309216,-0.5296065,-4.135719,-3.64888,0.9606889,1.7547523,2.5269306,1.0520233,0.6611236,-11.665608,-2.854877,0.30278322,1.977428,-1.284917,-3.0178943
515.7733296973558,-4.197889,0.46731243,-0.03219076,-4.188718,-3.2916996,-0.5757354,1.8665234,2.4401536,0.5159756,0.74260527,-11.525676,-3.4812448,0.6356789,2.3804944,-2.3892279,-3.333609
516.0244151170525,-3.9891195,0.16998905,-0.47259602,-4.0385265,-3.6329594,0.64262456,1.4526938,2.5206358,0.84057045,0.62491494,-10.960131,-3.3399844,-1.1987509,2.4445274,-2.2847486,-2.999977
518.3211782528595,1.5941027,-1.7721229,-4.2082586,3.058772,-3.3079689,-3.9353495,-2.7711337,0.8613136,0.0598186,-1.8344517,3.439792,-3.2668896,1.6499252,1.5232038,-2.7881007,1.0648541
519.7670910507547,-3.758535,-1.9564321,-1.8017145,-3.7146828,-3.2299173,0.65907925,1.6573429,2.7430775,1.0567545,0.967162,-10.323375,-2.1666708,-1.2700089,2.465755,-2.5467865,-3.185902
522.2780079381146,-3.7101266,0.40820432,0.14774598,-4.462758,0.71607006,0.8744749,1.4543254,2.092105,0.6219515,0.67129713,-12.836662,0.17466374,1.3991814,1.3258015,2.2982612,-2.6584134
522.9466030471535,-4.2918286,0.15519644,0.18914434,-4.2900386,-3.318922,1.1677252,1.6464002,2.3585446,0.5231994,0.8411993,-12.342092,-3.2977908,1.3413402,1.8117195,1.2104305,-3.7172668
523.2801547418912,-4.257777,-0.5053618,-0.58099836,-4.0746694,-3.6458476,1.5692692,1.849412,2.3766026,-0.047647405,1.1268749,-10.409595,-3.5898013,-2.1927273,2.2015414,-1.9633834,-3.472313
523.9306489382229,-0.19235343,0.14340194,-0.18406811,-3.977271,1.7186103,0.44920155,1.2015756,1.63012,0.5816981,0.26171425,-10.482884,1.4812624,1.2337004,1.1034402,2.193167,1.5034393
524.2657076843612,-0.38082144,0.1424983,-0.2920128,-3.4667106,1.6891913,0.4011433,1.1754016,1.588324,0.54664373,0.23125485,-10.204616,1.4327687,1.1673155,1.0259116,2.0944948,1.4839473
524.5984796167957,-3.6968646,0.38447198,-0.06919635,-4.3895493,1.4131166,0.67135864,1.4503468,1.9743993,0.75692517,0.445882,-12.86467,-0.022885336,1.3215858,1.2817314,2.2942865,0.71573246
524.9322255579777,-4.625682,0.39375108,0.09617766,-4.422784,-3.1919415,0.90677744,1.7856061,2.4409053,0.90325075,0.6953809,-12.437676,-3.581244,1.2391734,1.7546934,1.2691679,-3.5834029
525.2675637278638,-4.1559362,0.12616187,-0.4210198,-4.2496867,-4.0262523,0.861632,1.8872852,2.309444,1.1088154,0.4743614,-12.487196,-3.651675,0.99264175,2.1154506,-2.7055938,-3.5124469
526.78001799694,-3.7784472,0.26525402,-0.47687075,-3.885795,-3.4933794,0.7921979,2.1061351,2.3365772,0.35447174,0.8091956,-10.246935,-2.5913317,0.7104729,2.5761962,-2.530459,-3.2165537
529.2549223397006,-3.4819436,0.42383885,0.15955223,-4.459462,0.36559933,0.7622652,1.4855721,2.3245714,0.79046065,0.5506355,-13.271635,-2.0449,1.3564947,1.5858958,1.8623296,-0.46139044
529.5893463118568,-4.2227693,0.24708718,0.22288284,-4.3781524,-2.6588755,0.943418,1.5889592,2.4845862,0.76561934,0.6690561,-12.934103,-3.124493,0.6209355,1.8179538,1.3734751,-3.1850035
529.922664198904,-3.5698051,0.3608466,-0.090284534,-4.203104,-3.282187,0.6843843,1.6048423,2.576021,0.7874667,0.40099272,-12.025049,-3.3463452,0.5020313,1.9581363,0.24799916,-2.834933
530.25659065734,-4.0310864,0.1425018,-0.5185543,-4.02283,-3.844586,0.63648957,1.5360235,2.6725767,0.81242645,0.56558734,-11.19888,-3.5099845,-1.3270633,2.245229,-2.790849,-3.3288913
532.2566698359487,-3.927714,0.39159185,-0.043755524,-4.245539,-0.70718825,0.71468496,1.5621821,2.3600712,0.84634125,0.46135196,-12.824483,-3.3887475,0.8708833,1.4367964,1.8720803,-0.6317313
532.7584946111834,-3.827576,0.1402679,-0.14641821,-4.0252256,-3.4512522,0.6645753,1.8454376,2.4909394,0.8591674,0.43690273,-11.007902,-2.4114966,0.095045045,1.8891525,-2.603334,-2.9900348
533.2590179998325,-4.218173,-0.6277246,-0.38741085,-4.0427003,-3.8810377,0.3362892,2.0850117,2.7271638,1.0088072,-0.010611455,-10.736273,-3.296016,-0.5135943,2.3805468,-2.9150927,-3.4205973
537.9558254673497,-4.1458945,-0.18804005,0.3423136,-4.0826554,-4.0579543,1.3444477,1.8328899,2.5279489,0.14566472,1.138313,-11.582796,-3.6594248,0.8545946,2.0965915,-3.1340842,-3.3674948
538.6060509169396,-0.20955437,0.10900227,-0.19627197,-4.4605813,1.6781192,0.38358197,1.2113591,1.578079,0.5317927,0.20186687,-10.152964,1.4715999,1.1381758,1.0150499,2.137901,1.5755447
538.9403787567521,-1.0248618,0.22809519,-0.13631724,-4.367392,1.6133887,0.4948204,1.2496315,1.6979575,0.55642563,0.35264856,-12.937342,1.1540841,1.2694861,1.124794,2.3002021,1.2942001
539.274086627344,-3.7559557,0.46625876,0.041549426,-4.718142,1.4551854,0.6828906,1.3763515,1.9395381,0.7924542,0.45317584,-12.938696,1.1037104,1.4570998,1.2974986,2.3333075,-1.8176032
539.6075740206704,-3.6674683,0.4795002,0.025012529,-4.357565,-2.3594701,0.946832,1.586811,2.369265,0.87619454,0.6536477,-12.991596,-3.4093907,1.4515707,1.6601391,1.8573245,-3.7373793
539.9413320927383,-4.1790886,-0.0709764,-0.095888324,-4.1504445,-3.8773487,0.29406074,1.9343951,2.3771384,0.9316974,0.8576675,-11.677243,-3.646957,0.48123816,2.1730807,-3.0694075,-3.5360894
543.9300571574971,-3.9853816,0.44273916,0.064470425,-4.4693766,0.7164258,0.8869212,1.3976327,2.2135572,0.62114555,0.53562003,-13.229999,-0.7183179,1.1470491,1.4136282,2.0820723,-1.3393735
544.2646646425169,-4.0849457,0.5009181,0.30885652,-4.25776,-0.18716994,0.86404914,1.5348567,2.4657953,0.64742875,0.6324534,-12.107493,-2.37244,1.1349223,1.7366799,1.8367672,-3.0514858
544.598305571382,-4.0187173,0.39198175,0.33742324,-4.2357287,-3.9828005,1.1209099,1.418253,2.5927517,0.6834506,0.65548676,-12.04506,-3.333662,0.5328277,1.9463354,0.7950572,-3.459505
544.9319321857902,-4.197866,0.18267506,-1.1454787,-3.9898834,-3.4965355,0.6057181,1.0722959,2.9031272,0.7188484,0.7789829,-11.55207,-2.8696773,-0.878336,2.4376037,-2.2911456,-3.5679393
552.26974141865,-2.485193,-3.1579964,1.1889902,3.5377905,1.4358559,-0.30338246,-3.8073719,-1.3456352,-4.036856,-3.9136806,2.6338325,-1.496817,-2.103981,-3.3096688,0.3525262,2.3327436
552.6311290343571,-4.32421,-0.54657173,0.33284855,-4.32633,-4.0864367,1.2994752,1.7934704,2.4229276,0.12581201,1.1515025,-12.119367,-3.5638304,-0.5294873,2.03693,-2.7082713,-3.5697975
553.2806751977768,-0.33213857,0.16688152,-0.2882698,-3.8903027,1.6977788,0.42323872,1.1785854,1.6861973,0.49132916,0.2673809,-10.834186,1.3709303,1.2546778,1.1035012,2.1669908,1.4489831
553.61540315256,-1.1719823,0.2653617,-0.11769217,-4.5731597,1.7258445,0.5695444,1.2879602,1.7807758,0.6534532,0.33914426,-11.836337,1.5423491,1.2659274,1.1433104,2.2420604,1.1590393
553.9493235760538,-2.0444148,0.3592246,-0.044793308,-4.5534086,1.3579717,0.62652993,1.3887367,1.9430261,0.7198886,0.4667338,-12.966867,0.85310006,1.4178314,1.3741902,2.34026,0.25290716
554.2846624362412,-4.054379,0.05553904,0.14942627,-4.2718267,-3.565712,0.7307524,1.8793675,2.4103737,0.969522,0.79792166,-12.308979,-2.709994,1.2052294,2.0907602,-1.7368808,-3.3361554
554.6167325164191,-4.1856866,-0.28357646,-0.5799531,-4.088998,-4.0067534,0.7807404,1.8205512,2.65307,0.76891506,0.86782724,-11.639176,-3.2565353,-1.8018699,2.3643658,-3.4605625,-3.5902667
554.771232013622,-4.255473,0.5811,0.24781126,-3.966742,-3.5522141,0.7265353,1.589991,2.556718,0.8177828,0.55759245,-11.290157,-3.4902155,0.7009675,1.7394528,0.8416392,-3.4220743
555.2712385340405,-4.0290427,0.61735153,-0.6530841,-4.0037255,-3.8869565,1.0457417,1.5268239,2.5231376,0.86378473,0.7735495,-10.791523,-3.0674999,-0.111838974,1.8370647,-2.472671,-3.1911786
558.6060387649404,-3.977513,0.34503314,0.11051864,-4.0603957,0.59795743,0.8394289,1.380255,2.2506824,0.5577331,0.52101266,-12.8314705,-3.1244657,0.9748854,1.4771497,2.0224857,-0.16588923
558.9402700704871,-4.504946,0.45467025,0.10551833,-4.221641,-0.2182942,0.88755256,1.477586,2.4243963,0.5222268,0.584185,-12.572638,-2.7136757,0.76320237,1.7388042,1.7788569,-2.414653
559.2737127305819,-4.455165,0.07097596,0.14782472,-4.2535524,-3.5855448,0.96613014,1.5485014,2.5954463,0.63977057,0.7615509,-12.234155,-3.8913915,0.6499251,1.7769072,0.7805141,-3.6350863
559.6074053637994,-4.0185857,-0.15504359,0.3567255,-4.0983024,-4.082518,0.8712019,1.3464495,2.6920342,0.61753875,0.6606813,-11.394659,-3.6047642,-2.601293,1.9743217,-1.916361,-3.4332285
566.3030077463626,-4.134947,0.33206648,0.3146273,-4.5047793,0.01009427,1.1465485,1.5980805,2.349829,0.55314463,0.8325264,-12.83049,-1.5219383,1.2825314,1.5770792,2.1021996,-3.9572873
567.3062723764642,-2.5357378,-0.48567915,0.42686245,-3.2656019,-4.0189695,1.4005781,1.667381,2.5592194,-0.8086819,0.962537,-8.694453,-3.3964179,0.14583533,2.1504455,-2.9841084,-3.3788388
567.9566053446767,-0.28701672,0.18311134,-0.21751954,-4.100398,1.636479,0.44615552,1.2248797,1.6640227,0.54407656,0.3179032,-11.876762,1.4621015,1.2146426,1.0764222,2.1666467,1.5290239
568.6244512297033,-4.011601,0.41398358,0.010736918,-4.363566,1.31268,0.69311047,1.4187015,1.9701198,0.7003724,0.44133115,-13.32725,-0.26379487,1.4571439,1.2697396,2.3393166,0.28710976
568.958298611368,-4.110779,0.645471,0.101007916,-4.371695,-1.7444628,1.0293775,1.6531477,2.4107301,0.9370929,0.7252596,-12.866882,-3.3613682,1.3121606,1.6653063,1.8498813,-3.0687532
573.2808027957229,-4.4172106,0.45402998,0.21325561,-4.365002,-0.004203916,0.9589527,1.48752,2.368984,0.48268765,0.6213496,-12.5864525,-3.0457463,1.1344904,1.5311488,2.0759134,-3.5290296
573.6157713601772,-4.2948675,0.55776745,0.25375265,-4.425046,-0.97688514,1.0104835,1.3897184,2.4774752,0.54693466,0.6739233,-12.808121,-2.7922022,1.0793688,1.7429394,1.7758714,-3.8482468
573.9488434368914,-4.1429605,0.24936041,0.30774093,-4.3257866,-3.3113081,1.0640861,1.3851881,2.5855136,0.29452762,0.7503129,-12.655435,-3.5479467,0.081455976,1.8068732,1.1961251,-3.8254688
574.282823708664,-4.204566,-0.119682506,0.376196,-4.138339,-3.3063438,0.75849986,1.2240145,2.7494771,-0.11060046,0.77160084,-11.547264,-3.2922897,-1.3168437,2.1517868,-1.6235899,-3.210001
576.7847297500665,-4.7840505,0.4327921,0.122674175,-4.3900867,0.80390644,0.96032405,1.4368621,2.2578917,0.6455466,0.46920916,-12.999344,-2.2567558,0.7013177,1.4083681,2.0733438,0.20274222
581.9821163075625,-4.100219,-0.5789106,0.5059648,-4.128455,-4.0148954,1.625736,1.4919902,2.293819,-0.062355977,1.4232388,-11.872388,-3.5714142,0.8528049,2.0436704,-3.1874206,-3.6844833
582.6316699482917,-0.55129915,0.17165941,-0.1918991,-4.50769,1.6539108,0.5209742,1.2420765,1.6742475,0.56055707,0.32545736,-11.870684,1.5180817,1.2576704,1.1486219,2.2203429,1.2453411
582.9665417603859,-1.6555967,0.30791876,-0.12355034,-4.6001325,1.6532438,0.590567,1.343532,1.7969403,0.6436849,0.41288373,-13.048952,1.4283133,1.3919681,1.2877206,2.3469393,0.5392525
583.2998526402897,-4.1915255,0.42127115,-0.008791091,-4.564868,1.3331743,0.72363675,1.3803014,2.0409458,0.72205603,0.5461496,-12.667208,0.67460525,1.3700334,1.3034515,2.3138306,-1.5010643
583.6338435125647,-4.2221594,0.34586194,0.11990125,-4.4870768,-1.6949757,0.98465425,1.703139,2.3398702,0.7357639,0.6436017,-12.817134,-3.17605,1.1526059,1.7115433,1.6248121,-3.5961995
583.9675320416991,-4.0305157,0.19106758,-0.27956122,-4.0266747,-3.8825743,0.92335725,1.7493516,2.5100424,0.7386468,0.97995174,-10.930865,-3.6173644,0.46859154,2.369349,-3.027844,-3.6831274
587.9566405582815,-4.110508,0.48638377,0.14340511,-4.4972305,0.67927444,0.9924893,1.4282752,2.3860807,0.48406163,0.5988354,-12.954422,-1.984924,0.97727704,1.5781757,2.090771,-2.6306052
588.290947483365,-4.432869,0.41040102,0.28232214,-4.2515616,-1.0906847,1.0380919,1.4762654,2.4345741,0.46649733,0.6447692,-12.603495,-3.4859135,0.5674158,1.6851065,1.6737275,-3.1176884
588.6245140788945,-4.400768,0.19557355,0.1301308,-4.392112,-3.1760683,1.0938185,1.5505154,2.553452,0.21695493,0.7485351,-12.599467,-3.1734738,0.5270588,1.9322168,1.208668,-3.3901405
588.958112943333,-4.008102,0.38026148,0.3634028,-3.6861682,-3.799358,1.2477239,1.3821094,2.5895905,0.017515197,0.751465,-10.515162,-3.0923674,-3.1148155,2.267256,-2.9557085,-3.1420336
596.6574473957705,-4.3348756,-1.2120482,0.5935981,-4.128781,-4.0691156,1.7242595,1.6722505,2.482013,-0.32234097,1.2894324,-11.520993,-3.7610362,-3.0107224,2.0117452,-3.105408,-3.7040672
597.3068354780905,-1.023075,0.23748899,-0.14483362,-4.3318934,1.5844389,0.51564145,1.3421229,1.7924646,0.61711377,0.39667547,-12.401511,1.2602243,1.2511308,1.146388,2.2641912,0.9959158
597.641335302347,-2.3838816,0.30690646,-0.054286454,-4.5438967,1.5689572,0.56604856,1.3477833,1.8637855,0.6920532,0.4888609,-12.164166,1.3464327,1.3459355,1.2912365,2.2807264,0.03722918
597.97541909505,-3.927519,0.4400689,0.13318132,-4.5992637,1.1222547,0.81841135,1.4882932,2.1423624,0.76219726,0.57446444,-13.179339,-0.23669717,1.3770593,1.3845179,2.3167934,-3.0103705
598.642981296282,-4.1707163,0.14668798,0.39217034,-4.1064425,-3.8822703,0.75935084,1.554834,2.4721475,1.2090544,0.796827,-11.93153,-3.579323,-1.034088,2.4440002,-2.8062866,-3.6419396
602.6316334779631,-4.059142,0.425313,0.15411365,-4.5165815,0.35521027,1.0139567,1.4266269,2.3892753,0.47352788,0.7031969,-12.9243965,-1.31716,0.4841019,1.6797537,1.9244887,-3.7711713
602.9660757273422,-4.463843,0.35804316,0.32801792,-4.312568,-0.9126741,1.059101,1.3925041,2.384795,0.46536642,0.688436,-12.320068,-3.2395828,0.6922597,1.6994159,1.3526237,-3.146153
603.2998283170422,-4.451462,0.26732385,0.2713043,-4.192703,-2.9593623,1.1403486,1.2741896,2.6674488,0.17021185,0.7406977,-11.745438,-2.955769,-1.0719326,1.9252461,0.119577006,-3.2296636
603.6335686535476,-4.0783496,0.18574193,0.5246996,-4.0491295,-3.2316616,1.0323279,1.0640045,2.5805411,0.14315332,0.48291105,-11.546408,-3.0054343,-3.1989584,2.1303751,-0.91444963,-3.8666399
610.3291443798283,-3.8119779,0.039252985,0.19740151,-2.9871788,-1.6183856,1.1599724,1.3218713,2.5682678,-0.4829106,1.0755591,-7.2321625,-2.886191,0.8332592,1.7598722,0.5323609,-3.0768213
611.3324826283111,-3.5833278,-0.65024334,0.04220234,-3.6953359,-3.680695,1.6556339,1.766821,2.309198,-0.8160663,1.369595,-10.099235,-3.174863,-0.9119068,2.0457385,-2.9435148,-3.2006302
611.9828288944624,-4.086527,0.41876346,-0.049410563,-4.7114916,1.5334848,0.71498036,1.3117373,1.9186031,0.6996746,0.50804293,-13.34173,0.87008494,1.3297198,1.2347605,2.34133,0.54621106
612.6507417911749,-4.4479103,0.46146125,0.10111784,-4.53715,0.8454398,0.91471666,1.4246174,2.1566284,0.70506155,0.6525582,-13.269266,-0.30592975,1.4117532,1.5004293,2.251411,-3.0295687
612.9845472297768,-4.2522035,0.39378297,-0.07326723,-4.4356794,-3.8118837,1.2361541,1.6805177,2.4467292,0.7660051,0.8068868,-12.754944,-3.6542456,1.0431798,1.9150242,0.06285834,-3.8539042
613.2314676950899,1.8156282,-3.8068552,-4.537479,3.649405,-1.4503334,-4.4497075,-4.075455,-4.265025,-2.9890592,-4.2268953,4.746972,-2.0363352,-3.3229475,-3.9122286,-3.4078183,3.2722166
615.4957687178843,-2.2132702,-4.0150504,-4.3312764,3.8241231,1.6462728,-1.1057663,-3.6761916,-3.378777,-3.993184,-4.0059924,2.4500256,-2.3965566,-3.161551,-3.6280336,-1.2760682,1.9612476
617.307072248301,-4.4345202,0.34439605,0.32392943,-4.380804,-1.1306711,1.0175948,1.4563899,2.5537705,0.3348057,0.694427,-12.607037,-2.9642098,0.5904269,1.685831,1.3354522,-3.6590955
617.6419495365926,-4.348507,0.26536655,0.20716375,-4.327339,-2.494242,1.0247214,1.3804052,2.575667,0.06519961,0.69194645,-12.537233,-2.8221412,0.25535017,1.8239478,0.68433213,-3.6443944
617.9753606282869,-4.426372,0.49483097,0.27412465,-4.153567,-3.2446456,1.0919212,0.9503884,2.5641885,0.44506407,0.7523914,-12.409608,-3.8398817,-1.4304283,1.9871105,0.7632485,-3.4222884
618.3091164648787,-3.9809752,-0.43843064,0.43277764,-3.8962,-2.9184554,1.3259653,1.3359938,2.6934712,-0.1349634,0.4558936,-10.93504,-1.8540187,-2.4395876,2.1155043,-2.284,-3.3976226
626.0084241371368,-3.891724,-0.5159726,-0.077746995,-3.6597533,-3.4092846,1.8333033,1.2305862,2.5628207,-2.4228892,1.27735,-10.296049,-2.740635,-2.8801892,1.7830197,-3.0566652,-3.254192
626.6576566538322,-2.7834673,0.37233764,0.075517684,-4.576081,1.4031574,0.71452326,1.3481829,2.0181894,0.5959936,0.54612017,-13.469638,1.1605462,1.38152,1.3129265,2.4010842,-0.68667597
626.9925645287154,-3.783269,0.4177782,0.098785475,-4.6131897,1.166561,0.78938997,1.432457,2.0295773,0.7252203,0.5896123,-13.104367,0.82699406,1.3863192,1.4200189,2.2711802,-2.5049412
627.3258403263696,-4.1999645,0.5603218,0.18136413,-4.4132714,0.20602827,0.94853586,1.5095122,2.328402,0.73984504,0.74099886,-13.095923,-1.4184222,1.3431525,1.6016264,1.9916562,-3.5203013
627.6600715072444,-4.5522566,0.15215597,0.1491552,-4.4358373,-3.7810254,0.9997828,1.6313459,2.5090609,0.82643026,0.75106615,-12.390872,-3.4495866,-0.25717866,2.0147758,-2.1000192,-3.6848748
627.9938600471125,-4.0223923,-0.6780865,-0.74705774,-3.9068205,-4.0095415,0.5900018,1.1800417,2.729806,0.23995319,1.2827891,-10.921275,-3.2714589,-0.8941375,2.7659914,-3.2254891,-3.4717634
631.9825059466988,-4.288382,0.23785917,0.42043096,-4.2686076,-3.1966326,1.2728262,1.2139125,2.585322,0.26907396,0.86740124,-11.45689,-3.0837128,-0.1188195,1.8158784,0.62190247,-3.9131598
632.113831429033,1.1901829,-4.2868896,-4.733593,3.563969,-1.9786732,-4.3239865,-2.2483356,-3.6234057,-2.8775108,-4.2483,4.0819373,-2.941588,-0.38466236,-3.7394898,-3.1385124,2.9647796
632.3168808809797,-4.4183083,0.28302816,0.14724523,-4.1930423,-3.7005992,1.2570903,1.315976,2.6427767,0.06773199,0.8523797,-12.150795,-3.5957031,-0.87745214,1.8355657,0.3094859,-3.9587252
632.6508208317952,-4.286269,0.22843549,0.37686917,-4.224156,-3.9925358,1.2927401,0.99000776,2.5846884,-0.14553325,0.8067744,-12.247108,-3.8098137,-3.1065648,1.9638829,-2.3044806,-3.782162
632.9844083206727,-4.0589147,0.045557845,0.45452946,-3.748629,-3.6005156,1.3211745,0.52611506,2.7234323,0.3871313,0.99851525,-11.006941,-3.2527297,-3.6188545,2.145456,-2.7449257,-3.2897735
633.1117401972615,0.9122452,-3.8559291,-4.114806,3.5803678,-1.5642455,-3.977986,-3.6926835,-3.5460734,-2.5776,-3.1597211,4.4874463,-3.1774714,-3.0174372,-3.4276776,-2.6543226,2.813056
640.6837182505567,-3.5979004,-1.2022258,0.14219676,-3.569723,-3.5380685,1.4213449,1.6481661,2.5363224,-3.2457278,1.5570526,-9.709963,-2.841164,-2.2640712,2.2158413,-2.7345946,-3.086604
641.3335183619116,-4.1763024,0.5209492,0.30885553,-4.586002,0.9615717,0.93363935,1.5217642,2.2723668,0.74718773,0.6750641,-13.011789,-0.20705622,1.4436533,1.5272763,2.2724547,-3.031213
641.667673331466,-4.5143747,0.5215191,0.17603032,-4.4273267,0.75057864,0.88472897,1.509491,2.2519941,0.68498343,0.7249099,-12.891779,-1.3853853,1.4102768,1.55912,2.160654,-3.7225666
642.0014831520969,-3.7754815,0.24918437,0.18308993,-4.4736347,-0.55680805,0.9715034,1.5792829,2.385843,0.7467846,0.7484823,-11.372765,-1.4993522,1.2603127,1.6795897,1.4535891,-3.653043
642.6692622988348,-3.6152816,-0.14151853,1.0714386,-3.7522764,-3.4317212,0.58371276,0.75733757,2.568978,0.45605946,1.3868767,-9.919788,-3.1034,-2.0788121,2.6616833,-2.7147696,-3.1784067
646.6580257684512,-4.472231,0.42423135,0.40699306,-4.196591,-3.6722748,1.2986661,1.1458168,2.6040118,0.16920385,0.8949314,-12.403491,-3.5545259,-2.9185638,1.9720011,-2.3551004,-3.6351738
646.9925690334887,-4.117341,0.3210197,0.44179872,-4.215929,-3.426902,1.0001389,0.88956434,2.6541975,0.0621915,0.82768905,-11.720879,-3.0953834,-0.7088745,1.946808,-0.52157146,-3.6182106
647.3260359946927,-4.278138,-0.54580396,0.465472,-3.9010077,-3.5968895,1.4275796,1.0123245,2.7472816,0.04596323,0.6161792,-11.763251,-3.5118425,-3.4657786,1.985791,-2.8487241,-3.6229396
647.6599161348003,-3.718485,-1.7820182,-0.50727725,-3.6340184,-3.2018328,1.6787926,1.1260284,2.8387008,-0.53204405,0.93467265,-9.787577,-2.903991,-2.9767506,2.4927819,-2.5769548,-2.9421492
655.0253372499009,-4.0178566,-0.80161494,0.9630778,-3.8807216,-3.819216,1.5620258,0.9290973,2.603862,-1.0870577,1.4796457,-11.036446,-3.515962,-3.199328,2.1805875,-3.0074618,-3.5387664
656.008808959616,-4.100547,0.36920425,0.15862775,-4.551209,-0.5048366,1.0417361,1.5946721,2.3638973,0.75674516,0.73650396,-12.351809,-1.8998125,1.3130784,1.6838841,1.6686678,-3.8175774
656.6769149669507,-4.251712,0.23537533,0.34148753,-4.3417187,-3.8903327,1.035855,1.5791055,2.4165857,0.7814106,0.9069805,-12.553297,-3.1065757,0.85168594,1.928118,-1.8767295,-3.9989784
657.0108110592557,-4.3982005,0.30908746,-0.12430929,-4.2229705,-3.8944983,1.0745052,1.210969,2.7189982,0.5933887,0.66534704,-11.696028,-3.788827,-3.1817126,2.303753,-3.521695,-3.6199198
661.333466947226,-4.219417,0.30172408,0.43067586,-4.26931,-3.8110747,1.4503738,1.0248827,2.6475668,-0.47847474,0.863019,-11.95718,-3.604974,-3.189784,2.084391,-2.2840128,-3.7868133
661.6680914675109,-4.3709865,-0.057571016,0.63891107,-4.158646,-3.6841152,1.0827439,1.3033994,2.756238,-0.8163099,1.0600661,-12.259815,-3.9641333,-3.3738701,2.0145555,-2.0881212,-3.5425622
662.0016556758274,-4.1771574,0.13775803,0.54717445,-3.8845887,-3.7206416,1.1434022,0.2670546,2.8467581,-1.2444988,0.66233426,-11.197204,-3.3295138,-3.2930684,1.7645857,-3.1673536,-3.7780972
664.8366094006194,-0.18260007,0.016898504,-0.25701615,-3.8043783,1.7550695,0.40167937,1.0261292,1.5298184,0.39611584,0.1394271,-9.348998,1.3835168,1.0199684,0.89234865,2.1043081,1.7110423
665.3361093271064,-1.7908087,0.29984722,0.020190742,-4.392821,1.6784816,0.6333006,1.2071202,1.8759074,0.60184073,0.3347834,-12.65345,0.7559955,1.1522812,1.0463109,2.399476,1.1785755
665.8375133345984,-4.2022347,0.5223316,0.18864316,-4.5818267,-0.25549537,1.0409226,1.3970461,2.3748379,0.5953319,0.48658517,-13.113203,-3.3175025,0.76035357,1.4966356,2.0380452,-3.2865796
666.3378653010126,-4.1658792,0.09378037,0.37733224,-3.5816653,-3.519309,1.3735678,1.057543,2.6635206,0.16029206,0.69269574,-9.1101675,-3.183557,-3.1046424,1.2859637,-1.7265772,-3.2642772
670.6842149008764,-4.506632,0.4874448,0.11889516,-4.3630285,-3.7580855,1.2076263,1.5101775,2.4592302,0.6498529,0.8823516,-12.816689,-3.5927513,0.52939045,1.9446626,0.579575,-3.7524016
671.0184734885361,-4.407614,0.112796284,0.325642,-4.3747444,-3.884628,1.2545315,1.6632078,2.5053463,0.7108836,0.96079355,-12.277562,-3.6115928,0.5186646,1.9962504,0.6058515,-3.98197
671.3518386047365,-4.2159557,0.1427021,-0.09209357,-3.9856427,-3.930522,1.351686,1.0629363,2.6991994,0.029780814,0.9056452,-11.812477,-3.7806308,-1.2421265,2.1324844,-2.5862486,-3.8167548
671.686369461285,-3.7248406,0.041950498,0.39307967,-3.9135354,-3.5066729,0.9498024,1.1664469,2.5592062,0.69588065,0.94329774,-10.625933,-3.1672752,-2.816114,2.4119937,-2.4734364,-3.118053
676.0087263541498,-4.2053094,-0.06770163,0.696999,-3.844588,-3.8269682,1.1136972,0.63767004,2.782627,-1.8104162,1.197576,-10.977457,-3.2496636,-3.1055486,2.0258515,-2.50306,-3.6465728
676.3440946859712,-4.0493684,0.26243818,0.21119651,-3.7527955,-3.7101762,1.2802292,0.3801995,2.7050362,-0.7242786,0.6840194,-10.7398615,-3.3580148,-0.3642704,2.1784182,-2.8423162,-3.4021149
676.6770209830461,-3.7575924,-0.5431704,0.88407665,-3.5126386,-3.229035,1.1357542,-0.3173838,3.019903,-1.7651577,0.65399295,-8.815537,-3.2299488,-2.2910993,2.1412377,-2.583904,-3.4086568
685.3596181849049,-4.4638534,0.24748968,0.508913,-4.275867,-4.006478,1.1801851,1.5552268,2.5183406,0.19881025,0.88913816,-12.202363,-3.4495082,-2.4074092,2.2130907,-2.5788898,-3.8419259
685.6938257835305,-4.3557243,0.091421306,-0.07209268,-4.1702013,-4.0838666,1.008719,1.2263194,2.5808518,0.70405877,1.052226,-11.56204,-3.7676187,-0.35816714,2.1923764,-3.2781706,-3.8415298
686.0279313931892,-3.5739007,-0.8274551,-0.6936446,-4.179829,-3.7407398,1.0297741,1.6141592,2.7650034,0.66991234,1.1230124,-11.534291,-3.150116,-2.4604805,2.6077125,-3.315907,-3.6299257
686.8496251342218,-0.4732036,0.056851152,-0.23207548,-1.8371826,1.8452702,0.3915484,1.0123929,1.4963896,0.44183385,0.14743678,-8.282426,1.4835981,0.980499,0.88975453,2.0102713,1.6340537
687.3504403753851,-2.7943082,0.30861148,0.0042888667,-4.6486154,1.7118117,0.64651245,1.2248985,1.7792424,0.57429636,0.33559382,-14.042887,0.9609045,1.0909151,1.0262817,2.3838525,1.1522009
687.8507106093722,-3.7402835,0.2934742,0.17933168,-4.402662,0.9008881,0.97338015,1.280927,2.2720146,0.4821974,0.505044,-12.13308,-2.7267447,0.90339386,1.4134257,2.2442682,-3.3940766
688.3515765378075,-4.2594504,0.059906777,0.7732246,-3.979612,-3.8889813,1.3428079,0.74443835,2.7878418,-0.8104587,0.72428256,-11.450173,-3.7599719,-3.6282003,1.9824064,-2.4694633,-3.7870696
691.0187258623997,-3.7233026,-1.5714175,0.26610348,-2.9052122,-3.0584362,1.8077012,0.3341824,2.806084,-1.8554679,0.514147,-9.868061,-2.9011152,-3.0732074,2.1088634,-2.2819285,-2.9424958
700.0348936237547,-4.0778437,-0.05392503,-0.9542486,-3.8802843,-2.917912,1.0429636,1.4416803,2.5624895,0.3891189,1.1494299,-11.556326,-2.237353,-1.1714307,2.2882338,-3.0005698,-3.2809436
700.7031875343506,-3.5600677,-0.49207512,-0.07346661,-3.8993638,-3.6453195,1.117789,0.9039011,2.70771,0.78310686,0.87958235,-9.189043,-3.0282443,-2.6217575,2.424793,-2.1005507,-3.1176598
706.1323636420491,1.2155542,-3.9218712,-4.5758853,3.5456038,-2.043844,-4.2844367,-1.0135305,-3.973562,-3.738501,-4.4418974,4.0261374,-3.0771937,-0.6201587,-3.904731,-2.9987047,2.9142244
707.130415769561,1.4588311,-3.7778661,-4.402552,3.5723338,-2.1007636,-4.089106,-3.5136535,-3.603167,-3.589352,-4.1552544,4.399277,-2.0735164,-2.9766216,-3.4610198,-3.0793128,3.0400646
708.8632285375837,-0.30599505,0.07188702,-0.237355,-3.263045,1.8335267,0.4015466,1.0011623,1.5124635,0.35337943,0.11927242,-9.057759,1.6021662,0.990449,0.88841164,2.109746,1.6502849
709.3630779129818,-1.212191,0.16192594,-0.06608332,-4.431302,1.7306194,0.6120113,1.0920099,1.7570841,0.45380753,0.3443793,-13.776229,1.1590891,1.0698895,1.0776012,2.293461,1.3056812
709.8640888724873,-4.566835,0.3854302,0.23579027,-4.72689,0.95480466,1.0025988,1.3118767,2.2750137,0.594306,0.5879739,-13.330404,-0.04140906,0.89147925,1.441707,2.325761,-3.509438
710.3643860557818,-4.281754,0.51645505,0.06784216,-4.0236635,-3.5221353,1.4309719,0.90698355,2.8679116,-0.10114083,0.2138981,-11.95603,-3.0730498,-3.2861383,1.7647688,0.20253162,-3.3586879
714.7102193079945,-3.608213,0.008818745,0.8359971,-3.421545,-3.3174257,1.2364682,1.2478802,2.3484042,-0.42935812,1.3078916,-9.546864,-3.1331189,-0.74784034,2.5792432,-2.534817,-2.6486967
715.0445821791457,-3.6829572,-1.3452102,0.45398244,-3.618715,-3.4011943,1.4131919,-2.3990211,2.9150333,0.12908992,1.2888026,-9.806966,-2.8611164,-0.6949245,2.4079201,-2.8014712,-2.9789538
730.8767630007383,-0.22362006,-0.025380738,-0.23874041,-0.9662873,1.6936636,0.33734596,0.95391315,1.4141523,0.26254743,0.11814823,-7.131428,1.4764363,0.9045821,0.82665735,1.9830588,1.5580331
731.3768159003127,-0.93319225,0.15125258,-0.08974522,-4.3624415,1.7397453,0.5721998,1.0487149,1.6847602,0.39795607,0.21296057,-11.152813,1.3588657,1.0335679,0.9711845,2.2671816,1.2995502
731.8771190384252,-4.3423204,0.43459207,0.23340778,-4.5541883,1.0368466,0.9466256,1.3382195,2.2356098,0.45814228,0.55913204,-13.657654,-2.8519404,1.0617257,1.3866489,2.4009197,-3.0591633
732.3776301809983,-4.4807596,0.16970119,0.52103454,-4.2074084,-4.0366917,1.4230323,0.94367504,2.7201185,-0.012835711,0.75411606,-12.431993,-3.7280664,-3.1564438,1.9059178,-2.4705477,-3.9163148
752.8898617937245,-0.119714245,0.04966114,-0.24534461,-2.0286093,1.8126243,0.42842194,0.9751135,1.5204959,0.3746825,0.14500207,-6.730257,1.5976152,1.0005839,0.91462016,2.0167737,1.546789
753.389508370205,-1.5329932,0.26332462,-0.026497258,-4.654305,1.7087231,0.55583084,1.1089947,1.7353479,0.4507137,0.2873198,-13.083229,1.4104296,1.0754633,1.000978,2.2759025,1.1156828
753.8900434182241,-4.5721507,0.4648326,0.21976708,-4.5093417,0.90936923,1.0029842,1.281319,2.2578852,0.3463121,0.61181474,-13.198389,-2.9973342,1.0332179,1.3784387,2.3609273,-3.1937532
754.3906651160707,-4.358925,0.35374197,0.45396405,-4.037195,-3.6704848,1.434185,0.84499145,2.731869,-0.49674115,0.6509774,-11.626864,-3.6777873,-2.8174956,1.9648085,-0.9084715,-3.7884648
774.9021119012651,-0.26095155,-0.0117113115,-0.20923612,-1.7143214,1.7012343,0.4066511,0.9572121,1.424479,0.24726112,0.11592219,-6.2024217,1.5361869,0.9196466,0.8557902,1.9469184,1.5043806
775.4027308716969,-2.0410442,0.22510755,-0.109117694,-4.6687098,1.7539557,0.57824486,1.166434,1.753758,0.4871322,0.33586442,-13.004292,1.3911566,1.0856253,1.0819454,2.2695553,1.0821788
775.903432460491,-4.570894,0.44180033,0.20539732,-4.541722,0.9723415,0.9703165,1.2893026,2.2110834,0.45763552,0.5987339,-12.93196,-0.85840076,1.03269,1.3935133,2.267077,-3.368552
776.4039661244722,-4.4287133,0.072257854,0.5629827,-4.176702,-3.540591,1.4541218,0.9046121,2.7268226,-0.5449644,0.85600984,-12.395407,-3.2740262,-3.2000828,1.8768792,-2.2462304,-3.8665712
796.9161402359701,-0.5458866,0.11387379,-0.13955085,-4.2494593,1.7684364,0.4863392,1.0534798,1.5652994,0.3860566,0.2413497,-11.696378,1.6413134,1.0459868,1.0243243,2.1682804,1.3871876
797.4154612314934,-1.3496493,0.22499336,0.0458365,-4.390308,1.7048396,0.6252349,1.1705474,1.8100921,0.48075354,0.36681423,-12.65478,1.2504637,1.129418,1.1641912,2.359245,0.92661405
797.9165098916963,-4.4997954,0.44452155,0.20998867,-4.5940638,0.95359194,1.0537739,1.3703783,2.3478816,0.37415934,0.614212,-13.114637,-0.263485,0.9197633,1.442073,2.186386,-3.5575886
798.4169615560422,-4.3571577,0.03833691,0.5644982,-4.0125284,-3.8535264,1.4667537,0.99176747,2.6157289,-0.8311052,0.8470281,-12.091162,-3.923874,-2.8198726,1.8956255,-3.070814,-3.767803
818.4274786359504,-0.33069783,0.096161306,-0.15202549,-3.5216045,1.7828194,0.4532784,1.0108776,1.5839835,0.38173968,0.19584276,-10.113756,1.6226356,1.0226101,0.963209,2.0446348,1.4374859
818.9283439183455,-0.6432577,0.10967385,-0.13022183,-3.9188159,1.7627274,0.50501996,1.0269647,1.663775,0.3524324,0.24554135,-9.665203,1.4360104,0.9865765,0.95569706,2.1728303,1.2600378
819.429132422968,-3.9733832,0.27694255,0.10882749,-4.593831,1.6106445,0.76498336,1.1488396,1.8924434,0.44578284,0.43637437,-13.142273,1.2931831,1.1879803,1.1892469,2.4017966,-0.69172037
819.9296502201292,-4.6545396,0.3819933,0.34308615,-4.670599,0.67226857,1.0287828,1.1987638,2.2681425,0.22169648,0.6207604,-13.287288,-2.587935,0.7471344,1.5087209,2.2013457,-3.5947993
820.4302987687867,-4.2273183,0.22255354,0.63100916,-4.134383,-3.9796135,1.4974818,0.87214583,2.7973797,-0.9405143,0.7186037,-12.085595,-3.781778,-3.686273,1.8329549,-3.0804558,-3.7264204
841.9426105287413,-4.424228,0.45098948,0.47292563,-4.4781833,-0.058861893,1.1903017,1.2745112,2.4877715,0.11480809,0.71189904,-12.431624,-2.1222322,0.71859473,1.5846165,1.9105332,-3.726435
842.443289935428,-4.137513,-0.14981546,0.6225401,-3.9051063,-3.8170047,1.5763013,0.37885404,2.8944037,-2.392277,0.81240743,-11.455961,-3.6414511,-3.661616,2.1177537,-3.527487,-3.6980314
855.7394047398545,-1.6408457,-4.164911,-3.805904,3.9697356,-1.1546298,-3.604369,-3.7137961,-3.6379433,-3.9687538,-4.0048547,2.9229777,-2.9828691,-3.3612702,-3.5623593,-2.5048711,2.452309
864.4566041414442,-3.8973825,0.15518196,0.7755549,-3.9469159,-3.8338108,1.7222142,0.46496052,2.708962,-1.2508082,0.89310426,-11.496111,-3.5467587,-3.542156,2.1160197,-3.3287697,-3.5915952
874.7845865062392,-1.3254218,-3.9615014,-3.4917684,3.9492366,-0.79829067,-0.8220048,-4.014576,-3.7719526,-4.328426,-4.126624,3.1072452,-0.92804646,-3.5733104,-3.9269314,-1.7802464,2.1947799
876.7994265118355,-1.5806078,-4.106609,-4.3914638,3.9169369,-0.7682805,-3.5419228,-3.98791,-3.8021948,-4.326854,-4.337912,3.3967924,-2.5446393,-3.4883485,-3.9225533,-2.268845,2.261304
879.7397730424627,-0.97909236,-4.560153,-3.2757757,3.8354425,1.0046883,-2.9875982,-4.5012712,-3.8308358,-4.8053575,-4.7483835,3.6335416,-2.2863023,-3.8108075,-4.30312,0.016418407,2.345425
880.7436150035622,-1.8488826,-3.9813933,-4.3431563,4.00317,-1.1547904,-4.0685706,-3.9167235,-3.427533,-4.22063,-4.144986,3.4743516,-3.2840528,-3.4843283,-3.7360895,-2.424109,2.306883
882.7588778658212,-1.455915,-3.626513,-4.0125003,3.9103944,-0.2696783,-3.8993628,-3.8200965,-3.6436808,-4.2146263,-4.110933,3.0074055,-2.6005905,-3.1575363,-3.7328455,-2.5067618,2.1933305
886.469730388757,-4.065371,-1.9324927,0.82712483,-3.9952822,-3.4926136,1.7454813,-0.69364697,2.7854578,-1.1497866,1.3801459,-11.318793,-2.998911,-3.5137918,1.9833956,-3.1715744,-3.3527355
902.81480752945,-1.7651064,-3.6432433,-4.1448293,3.8388271,-0.5851388,-1.130524,-3.8304381,-3.6680074,-4.0991144,-3.9955354,3.2945623,-2.3252478,-3.4492788,-3.5960479,-2.0535228,2.3012044
905.7553324984265,-1.8394829,-3.989588,-4.5441628,3.8798852,0.07525247,-4.000952,-4.1581216,-3.7257552,-4.510625,-4.34959,2.858685,-2.997259,-3.5824554,-4.004764,-1.7649786,2.406355
906.7590834625811,-1.865269,-3.9537196,-4.0534782,3.7762086,-1.1691481,-4.0405025,-3.7200418,-3.33069,-4.064523,-3.916986,3.4296632,-2.8155742,-3.3982108,-3.6743608,-2.6086013,2.0098574
907.7703952060843,-1.0592468,-4.234102,-4.860966,3.8572912,0.7023895,-4.6269374,-4.3105664,-4.011205,-4.646513,-4.550454,3.8518105,-2.4891312,-3.5359023,-4.182947,-2.4385242,2.4886253
908.4830134545888,-3.7335808,0.18816902,1.2993375,-3.5951407,-3.3338246,1.7486823,-2.3535752,2.6491697,-2.8860404,0.81397015,-10.078846,-3.0388486,-3.3595736,1.2695676,-2.715458,-3.3565698
908.7745114487701,-1.8077832,-3.8680422,-4.4198833,3.9345877,0.061198328,-4.0232234,-3.8104274,-3.5439777,-4.123694,-4.0130324,3.2453377,-2.6862283,-3.4499607,-3.6155696,-1.833857,2.1390848
929.9953015752143,-4.2687383,0.28473875,0.9007668,-4.2468257,-3.9594123,1.585418,-0.98861444,2.7592206,-2.5617623,1.115552,-12.322843,-3.6163075,-2.7012496,2.2265842,-3.3062346,-3.971113
952.0085148819553,-4.187801,-1.1382521,0.8483071,-3.8847754,-3.7753482,1.6627718,-0.1757492,2.8379378,-3.4030285,1.3543252,-11.730793,-3.4883134,-3.5786273,2.242689,-3.6420093,-3.7737348
973.5207398593361,-4.0010624,-0.24098898,0.83953947,-4.093784,-3.8878236,1.6846075,-0.18440591,2.7526166,-0.689927,1.178281,-12.199233,-3.685153,-3.1676006,2.1323462,-3.5032475,-4.0395384
974.0216424123246,-3.8428102,-1.8764879,1.2085923,-3.6649313,-3.5480864,1.8090693,-1.0686898,2.711909,-3.6775508,1.5518181,-10.096831,-3.2096837,-3.1629064,2.206173,-2.9497542,-3.4213314
995.0330679869421,-4.1492434,-1.3153576,0.84211767,-3.958386,-3.8960903,1.7458491,0.17112002,2.8654847,-3.0050945,1.088874,-11.679562,-3.6490893,-3.5801382,2.2872903,-3.6340532,-3.723787
995.5339872845539,-3.960536,-1.1133798,1.1869872,-3.7729638,-3.5090876,1.8979274,0.95217246,2.369132,-3.0624034,1.1687961,-10.203947,-3.2215142,-3.5892088,2.22959,-2.7522678,-3.2147908
88.04038948230482,1.8659294,-0.68841475,0.5544811,2.1417048,0.96118814,0.025362624,-2.768628,-3.844446,0.17747079,-0.13641645,5.089497,2.2118053,-0.16092539,-3.7248,-1.6860088,-0.42251557
96.9222867837585,1.842831,-0.32823738,-4.8945556,2.001343,-3.290586,-2.6549423,1.7108713,-2.4544716,1.3763961,0.4484195,4.245923,-1.5459218,2.1964526,1.5843824,-3.0919206,-1.6974767
108.90216723266548,1.6391181,-0.72150844,-3.4499416,2.1238916,-0.3412057,-1.0052023,1.1458673,0.0044079004,0.7080007,0.116868675,4.070449,0.6610284,1.5311269,0.97575617,-2.1103752,0.8679914
110.89905292095045,1.7001268,-0.846158,-4.348948,2.142409,-3.2575479,-1.8738966,1.4611901,-0.7591394,1.2501394,0.46103635,4.22241,-1.2436173,2.0106225,1.3999785,-3.6153846,-0.7801745
111.0200149747156,1.3946024,-4.228708,-0.0353169,1.9299971,-3.9296246,-2.3792884,0.8383156,-3.8418605,1.93165,0.42122686,2.8791955,-1.8423042,2.4311748,1.5279671,-3.6073956,-2.6894565
118.0228939088949,1.6821749,-2.6728785,0.07802004,2.1214435,-2.4850426,-0.5981084,0.073669404,-3.0957782,1.7295294,-0.054022826,3.7943926,0.66182095,1.462001,0.14294812,-2.7772238,-0.75925714
125.00134359200638,1.7089965,-1.6489973,-1.4854277,2.1888268,-0.06505326,-1.5060122,1.1251085,-1.9211587,0.931776,-0.1100462,4.2208996,0.6865038,1.6606646,1.0920662,-1.8283504,0.9042515
126.99838427140018,1.5209229,-4.048809,-3.9701357,1.1239347,-3.9937632,-4.1124573,1.6212536,-3.9264147,2.642583,-0.5162078,0.36308146,-3.6929033,2.661661,1.8480967,-3.686159,-3.1390758
130.06243457097617,1.9453422,-3.6883008,0.51510566,2.0835814,0.5072179,0.118351124,-4.3963146,-3.2724276,0.35235736,0.08336992,5.0164876,1.90813,0.51160926,-2.6082077,-1.2151347,-0.22279273
139.02313448504393,1.2804066,-0.431439,-0.72037053,1.9390529,1.1690031,-0.38472956,1.0830107,-2.857425,0.7073349,-0.48192734,3.9533658,1.8227928,1.3809148,0.77054983,0.3284535,0.26528504
142.99868975070655,1.9602536,-3.0982506,-0.50132996,1.3026891,-3.470002,0.7245903,1.3235856,-1.2528446,1.2055358,-0.84830236,1.9423159,-2.8345165,2.32083,1.2734777,-3.2016582,-2.9521554
150.88684917028493,1.8133409,-0.25433326,-4.98575,1.3962203,-4.2809176,-4.173804,2.016348,-3.5449507,1.7408506,0.5430113,2.5193853,-3.8935854,2.464843,1.8434712,-4.0077486,-2.6902406
152.884037473799,1.8099979,-0.3578081,-5.0544763,1.324086,-4.24189,-4.184524,2.1210206,-3.2515805,1.8394693,0.6792918,2.3444471,-4.1411366,2.5720143,1.9504061,-3.7713242,-3.33663
154.06243273088305,1.839868,-1.9116216,-0.4371497,2.0863466,0.6791976,-0.39993808,-0.52786124,-2.0314145,0.87410045,0.13395642,4.095069,1.4724542,1.4698964,0.13021463,-1.6966646,-1.4786807
156.92541498590168,1.8051023,-1.1642748,-1.1278161,2.4202654,0.1744378,-0.56684697,-0.35340953,-0.4139582,0.36626405,-0.5458601,4.932481,1.2895771,1.0454446,0.13990854,-2.091318,0.762263
168.043215974591,1.899835,-2.5710297,1.9286851,2.6728923,-1.1877806,0.7151561,-3.2319725,-3.6405373,-4.018564,-2.5208044,6.160642,1.9015663,-3.084945,-3.5487359,-1.9429995,0.29085684
170.9024289952744,2.259068,-1.7413554,-0.35629204,2.6046605,-1.8249422,-0.17675516,-3.4444873,-3.0198038,-1.1921957,-0.22149359,5.7996655,0.4506233,-1.3517663,-2.834258,-3.0112243,-0.28812963
173.00938539915737,1.8890803,-4.0237975,-0.78380334,1.3771387,-3.311252,0.25541776,0.6609005,-3.4951072,2.098131,-1.6315014,0.10073018,-2.2386234,2.45164,1.1705675,-3.034118,-2.484183
176.02838560193672,1.2242275,-4.604905,-0.11439572,2.8735666,-4.10288,-4.569001,-1.3223866,-4.1057854,2.138024,-4.777649,4.6216288,-3.6988025,2.1019254,1.2257997,-3.4864466,-1.9873939
177.90594518143388,1.8278435,-0.13912213,-4.2252984,1.9799597,-1.7447327,-3.9470732,1.6113588,-1.2595446,1.2673798,0.4482151,3.9898584,-0.19845106,2.0472863,1.4152311,-2.9320447,0.16305636
179.9028414094079,1.5926253,-0.097270444,-4.59386,1.2322875,-3.8306916,-3.9328287,2.0220673,-3.8527486,1.8480836,0.35992274,2.6428401,-2.8060327,2.4818325,1.8028028,-3.7847874,-3.0573144
183.01622524361176,1.0103444,0.4745783,-2.9196465,1.839958,0.6186933,-4.171975,1.2976896,-2.469,1.8706207,-1.273047,3.7788901,1.189719,2.096402,1.1107916,-1.5794519,-3.3397343
183.96314896731928,1.9532465,-1.462751,-1.4092216,1.8704377,-3.7647812,-2.530592,1.1349329,-1.8144144,1.4939398,0.38295457,3.012916,-2.6811402,2.0884604,1.2127833,-3.5706105,-2.570378
187.00169540760507,1.603751,-0.34205827,0.09494834,2.4430687,0.8483114,0.069167145,-1.2514446,-2.57201,-0.40761754,-0.6451466,5.348751,1.9459378,-1.8122573,-4.200327,0.023194931,-0.17801623
188.04567146893132,-2.1157243,-3.3182461,-3.9052417,-3.0928435,-3.9376724,-3.8186262,-0.16581,-3.5305958,3.329195,-3.7150033,-5.68354,-3.1613657,2.9304707,1.6793609,-3.433439,-3.0211573
188.06161420969258,-0.48985422,-4.085694,-4.600845,-3.1514664,-3.80622,-4.273399,1.762228,-3.7877812,3.0925682,-2.288218,-2.387789,-3.497889,3.0889556,2.4070423,-3.7485726,-3.7450647
192.8747678301292,1.6431005,-0.06030967,-2.1996675,2.0395784,-0.53466785,-2.2019095,0.7902754,0.12489593,0.52046484,0.26399362,4.3566446,0.71167564,1.218391,0.5232374,-1.5220593,0.5473072
196.05467685267845,1.6484487,-0.41615635,-0.16557828,1.8328058,0.88670284,-0.5610779,-0.11314775,-2.6166666,1.106017,-0.12655911,4.1034813,1.8797566,1.4913086,0.6699899,-2.4457781,-1.6383488
196.84284972347632,-0.040277075,-1.3675046,-2.8764997,-2.1107173,-4.1595216,-0.30808666,2.3492467,-3.3649209,2.0007257,1.4727746,-1.8634408,-4.0389323,2.7426422,2.0444086,-3.6529508,-3.459473
197.92142179424647,1.9657137,-3.0878913,0.5479916,2.6715012,1.0145133,0.47073826,-3.3690422,-2.598396,-3.968434,-0.46261367,5.7394733,2.5052361,-3.338298,-2.9640255,-1.7180079,-0.38810843
197.97079029094564,1.754642,-0.86184394,-0.172541,2.2660358,0.8348386,-0.5313778,-0.19514874,-2.4577498,0.18895975,-0.7127366,4.821167,1.4238435,0.70925456,-0.6719513,-1.3347652,0.21309908
198.83997255852645,-2.9727042,-2.5395517,-3.4009473,-3.4967573,-3.920061,-0.73213744,2.5544708,-3.3077438,2.2157938,1.6991183,-5.6573377,-3.466817,2.7434294,2.2806103,-3.12757,-3.341116
199.03801410164277,0.9729449,-0.37445295,-3.4731333,0.7813848,-3.1448286,-4.0466084,1.3956935,-3.6071503,2.4505656,-0.121399574,-1.742837,-0.8580987,2.8166125,1.8217548,-3.8087957,-2.9556236
203.00783554791133,1.7879503,-1.0205162,1.5291244,2.138275,1.7605674,0.053462308,-3.6494393,-3.7853873,-3.8740957,-0.26263398,4.6043286,2.7294588,-3.397745,-3.8291512,-1.1792024,-1.8360447
204.94176571712612,1.6751889,-0.56531554,-3.7517705,2.108897,-0.094560444,-2.1125324,1.3454905,-1.451692,1.0907302,0.19474293,3.9684663,-0.81619877,1.9132782,1.2908182,-2.629105,0.5151385
206.00182596328784,2.22109,-2.7799315,-0.7774214,2.1598697,-0.8196933,-0.1815134,0.35512006,-3.6349797,0.435392,0.047776975,4.059647,0.8159707,0.94675183,-0.6705404,-3.3197894,-2.4814668
206.93902676715402,1.8299865,-0.88954467,-4.750253,1.8051624,-3.52613,-3.2445445,1.809093,-3.3750377,1.7774746,0.4930215,2.3421953,-3.4094343,2.527105,1.8355557,-3.7277954,-2.8739882
210.84240628593324,-0.43013945,-3.441172,-4.7430925,-2.8497732,-4.191502,-4.5336604,2.645061,-3.828137,2.7209673,-0.6065547,-3.6411796,-4.00774,3.0253663,2.4915223,-3.9735854,-3.8407729
211.001576672857,1.40416,-4.619761,-0.015615272,2.7336245,-4.252779,-3.9099107,-3.6476488,-3.5318928,2.3597472,-4.020197,3.5499127,-3.6031346,1.9086179,1.3525292,-3.0905042,-0.9770487
212.88710115128885,2.1408138,-1.9708731,-4.686398,2.124223,-3.9383326,-4.047332,0.76608574,-2.8205352,1.6715997,-0.04956191,3.9728255,-3.032796,2.147943,0.6916405,-3.3919604,-2.4070566
216.03618526722593,1.6684116,-1.4239378,-1.808388,2.1658053,-0.4466245,-0.66068554,1.0586766,-0.93064046,0.85582334,-0.21112275,4.067727,0.23062068,1.6794711,1.1002322,-3.0739229,0.5588661
216.9287627592466,2.2523715,-3.1315675,0.43435013,3.016451,0.04889611,-0.023339314,-3.7837863,-2.092286,-4.387573,-1.2824209,5.558666,2.3478646,-3.6778011,-3.4882748,-1.8263628,-1.0225427
217.01241249182988,2.0543857,-1.676385,0.6473712,2.4254649,0.84638613,-0.60220855,-3.8938787,-2.5565386,-0.8930835,-0.41655022,5.1572485,1.1363051,0.80589545,-2.2128098,-1.4730152,0.97269356
219.04566742133866,1.4800868,-3.6707277,1.3436059,2.0464802,-4.2657094,1.0090356,0.57838416,-4.1403913,1.0412533,-0.2460001,3.5212157,-3.3538258,1.7770721,0.83018297,-3.4242344,-2.6105113
224.95798481468776,1.88172,-3.3290021,0.5713633,2.822313,1.2237622,-0.20131184,-4.1799345,-2.1746085,-3.717314,-0.3966647,5.5708685,2.2020981,-3.4648368,-3.6206534,-1.7871904,-0.43808493
224.98973047401952,1.8665388,-1.408397,0.9339477,2.3155844,1.4523038,0.44581267,-3.7000644,-3.652132,-2.3888626,-1.0084232,5.1953726,2.3899868,-0.8543398,-3.460488,-1.739833,-0.0688995
225.06208254065837,1.212258,0.23643094,0.12723875,2.1404676,0.08188698,-2.850107,-0.42779145,-3.625835,1.1412343,-0.25972202,4.467491,1.9814286,0.9552312,-1.278065,-3.0268602,-1.0131198
225.98662968204684,1.8608631,-1.5635523,-1.2399033,2.1773267,0.42030707,-0.73431087,-0.118717656,-3.4790998,0.71694416,0.0037493713,4.4798326,0.9054601,1.3165152,0.5146519,-2.9951243,0.3353079
227.20205935346317,0.29017633,-0.6245311,0.20973562,2.1009476,2.531343,-0.33528194,-1.1041474,-3.0661147,-0.27231666,-4.0656524,0.27774715,3.1684582,-2.5964909,-4.418891,1.6022166,0.09752556
228.0514646729996,0.32437697,0.96226406,-4.18723,-4.0374727,-3.8176715,-2.5448527,2.8024664,-3.7070692,1.8034223,0.8364284,-5.5933795,-2.0317452,2.5840015,1.6671693,-3.3751423,-3.5855918
228.064637989851,1.6913531,-1.5948275,0.27344513,2.5551896,1.46432,0.3613081,-4.3583426,-2.5532463,-3.6812656,-0.7394832,5.1172047,2.103053,-3.5627508,-4.3617635,1.0672269,1.0157946
229.01209235449537,1.7205015,-1.7166214,1.2057371,2.8830473,1.7584677,-0.15964139,-3.7764654,-3.1150413,-4.439668,-2.54022,6.0566893,2.809268,-3.4889627,-3.863612,-1.1807729,0.39107797
230.01681152516386,1.1881236,-3.7907224,-4.041536,0.7149608,-3.6732411,-4.025668,1.5765811,-3.5784218,2.8962152,-4.293982,3.1635075,-1.8225155,2.5703182,0.9793593,-2.991143,-2.8156161
234.85947578714223,1.7068183,0.15151341,-4.7610745,1.5915729,-3.5034525,-4.5157285,1.9008989,-3.3316636,1.863232,0.24947312,3.3444142,-1.400325,2.4361281,1.6619388,-3.8674889,-1.7909955
236.00500697158222,1.1767713,-1.6391919,-4.0284224,-3.1033235,-3.2253544,-0.26129007,2.1944604,-2.70843,2.396141,-2.9869785,-1.5084062,-1.9873507,2.8924131,1.4494517,-2.9910848,-3.2606788
238.90117805852654,2.014723,-0.2792313,-0.28746927,2.30354,1.15485,-0.25888267,-3.936025,-1.4672933,-4.5027485,0.03210575,5.017782,2.0113606,-3.710008,-4.178261,-0.5674503,0.90166867
239.01703058836446,1.1319863,-0.11287142,0.5570438,3.0685568,0.0024762405,0.92337257,-3.8671758,-3.278248,-4.0198503,-2.2806518,5.47733,1.4509691,-3.5395145,-3.6433191,-1.6380465,-0.12757058
241.2176960257089,-0.34995633,-2.78247,0.47458693,2.3425686,2.8805134,-0.055236526,-4.6139493,-2.612169,-3.2862332,-4.5637026,0.33784246,3.4729187,-3.8962867,-4.2549696,1.5683539,-0.4567004
243.9569907819224,1.7367315,-0.64077455,0.18951923,2.1156936,0.55661446,0.025644116,-1.617177,-2.0136824,-0.4885592,-0.04241274,4.524062,1.6727073,-0.79893774,-3.0958848,-1.4797707,0.5642938
243.96634125345926,2.2937214,-3.9401982,0.86796933,2.8187559,-1.706751,0.25037637,-4.2747874,-3.5204406,-4.0200973,-1.3296741,5.646163,1.803932,-3.6641624,-3.5088294,-2.3082457,0.5152576
245.05446506999195,1.9197519,-2.0800977,1.3297713,2.5723214,1.5307053,0.8412161,-4.0907216,-3.8859239,-4.8152184,-0.81389034,5.5302544,2.555926,-3.880694,-4.015381,0.96722054,-0.30430454
252.02560449977886,1.8650194,-0.9619192,1.3445559,2.596189,1.6884328,-1.7836494,-3.968995,-3.523384,-4.484384,-1.0375849,6.0905805,2.4863057,-3.485482,-3.884969,-2.2676504,-1.0160421
253.00992732046052,1.6301252,-2.5850105,-4.6110363,1.2578882,-2.8211432,-4.399586,1.3642633,-3.5243678,2.4052835,0.095262624,1.4089761,-2.426631,2.6173935,1.7559615,-3.6639056,-2.6369274
253.21776629818507,0.7151434,-2.0365987,0.46772847,2.6604643,2.5797417,0.4136946,-4.8497877,-2.07858,-5.2163334,-4.7528386,1.562484,3.1380606,-4.3975616,-4.638699,1.9795939,0.5531432
258.9966528160474,1.8452263,-0.665058,-1.2472591,2.2137048,0.44256765,-2.477932,0.84892243,-3.335895,1.065894,-0.39083228,3.3664358,0.9110352,1.7302202,0.66008914,-2.547844,0.47491938
262.90041445787443,1.3801594,-3.3240683,-4.7547374,0.1093421,-4.2284775,-4.6251574,2.2508888,-4.022215,2.5035458,-0.08587862,1.2056632,-3.4982393,2.842317,2.19727,-3.932281,-3.408414
263.0410068270129,1.9385217,-2.767873,-2.902213,-1.3201487,-4.0946784,0.48258287,2.0003185,-3.0158002,1.4604887,0.7413642,-2.8214214,-3.4599636,2.7334538,1.7781149,-3.7316015,-3.804507
264.8975673009733,1.246401,-2.6368768,-4.7633495,0.3838429,-3.9537098,-4.469299,2.2478716,-3.9779825,2.3932343,0.038278352,-1.0263226,-4.075478,2.806407,2.1802592,-4.057385,-3.6352558
266.9424158596048,1.9914434,-2.1759377,-3.01339,2.3689134,0.18508157,-0.54831034,-0.090553366,-2.7001164,0.52530897,-0.38956398,4.588185,0.92157793,1.0380626,0.46849728,-3.2307615,-0.15100926
269.24867786223507,-1.3370739,-4.59428,0.55689234,2.0672886,3.2319634,-0.24244611,-4.012077,-3.94089,-4.5397873,-4.6033134,-0.91650295,3.791161,-3.8725748,-4.071203,0.6849159,-1.651046
270.0913605695849,1.8188117,-2.1798346,-0.28201842,1.772602,-3.7223935,-2.1645951,1.4268254,-3.8424072,1.7650195,0.3174392,1.3649565,-2.754174,2.360808,1.6689811,-3.7156184,-2.9135842
271.10340537771975,1.5869915,-4.1939034,1.3513492,1.0993518,-4.695886,0.910757,0.8925807,-4.5872936,1.2731203,0.3976951,0.09212828,-3.4603307,2.0420694,1.2699095,-3.7725515,-3.0703044
275.03658577190896,-0.03770566,-3.1933029,-4.2986984,0.0396,-3.7895992,-3.4445848,1.5444456,-3.412521,2.874253,-0.43319672,-1.296295,-3.0289037,2.6269925,1.3318398,-3.0887449,-3.1605628
280.0286298039873,1.8108608,-0.67759657,-3.229368,1.7383033,0.12317897,-3.9810474,0.8431469,-3.3994644,1.8615453,-0.08704208,3.7638516,0.75677377,2.1897793,1.4496903,-3.5728588,-2.9546096
281.0362856493995,1.9618515,-3.97145,-0.6177642,2.1428123,-1.0039217,-0.5890677,1.1113607,-3.3388228,1.0267421,-0.5150479,4.6799955,-0.96094334,1.7770255,1.1817673,-2.8106554,-1.6304762
281.0518004312097,1.6912434,-2.3904696,-0.41298297,1.963534,-0.7416247,0.23665437,1.1455562,0.39117274,0.63696593,-0.08597186,3.2803807,0.5588011,1.6308955,1.0087326,-0.8831581,0.2597243
281.24029940640725,-1.9241394,-3.8012872,0.8453627,2.489673,3.029987,0.41157523,-4.002184,-3.6518447,-4.321073,-3.9446385,-0.117931366,3.3215866,-3.5840383,-3.7752612,1.3777366,-1.1122262
283.25573969089584,-1.3186679,-4.744639,1.1726615,1.8834764,3.0904448,0.4357236,-4.4066005,-4.111546,-4.643142,-4.6201844,-0.31776524,3.7254865,-4.0451508,-4.2877784,0.880522,-2.1598408
284.26762446091493,0.91006327,-1.2467405,0.06090765,2.190792,2.715553,-0.34238285,-4.231093,-4.133232,-2.3708208,-1.902971,1.3883417,3.348471,-3.7753603,-4.513043,1.1095092,0.9669415
284.7752181446451,-2.1533444,-4.152081,-4.5862207,-3.5413988,-4.2099447,-4.4067426,2.76943,-3.8116212,2.8306406,-1.4739269,-5.7009444,-3.6921577,3.0959356,2.5699613,-3.8630064,-3.5713542
295.2282245509332,-1.6088419,0.1309542,0.792408,-0.61189866,3.3352582,-2.5963197,-4.1152186,-3.6095984,-4.2124324,-3.5462446,-2.4489107,3.9430175,-3.0552504,-3.4939835,0.3205813,-2.1378715
296.99945362653375,-1.9006158,-3.8222275,3.1177993,2.4024658,-1.5030049,-0.93239784,-3.6650238,-3.6770914,-3.8884614,-3.978588,1.8839946,2.1113737,-2.8750188,-3.3289928,-2.3154404,-1.5410128
301.21751275776575,-1.6452726,-4.7213306,-0.35003358,1.9360102,3.2794237,-0.32357386,-4.5018725,-3.3290179,-4.7293453,-4.4118147,-0.47846293,3.7979028,-4.1166477,-4.2362638,1.1513827,-2.5128891
303.05047978091903,1.9564769,-3.0022264,-1.4222529,2.264887,-3.748325,-2.398349,0.92771727,-3.8924384,1.4710106,-0.6173011,4.730365,-3.2698333,1.9683682,1.130124,-3.3059313,-1.567131
304.23647570057256,0.95317066,-2.3166196,-0.17503276,2.6314075,2.5715568,0.3970132,-4.8802447,-0.0844219,-5.16682,-3.7377653,2.582972,3.0144472,-4.3210073,-4.5702043,1.9589399,0.7472418
307.26475333661443,-3.034046,-5.005742,0.442668,2.0753803,3.242849,0.91182643,-4.5844774,-3.8487685,-4.9045334,-4.551187,-0.76618767,3.7092562,-4.163476,-4.401321,1.1659356,-1.4047484
308.0987783478931,1.8191012,0.32555073,-3.8001945,1.8573446,2.243413,0.06360124,-3.5639102,-3.7635162,-1.0797362,-1.4977579,5.4337325,2.579768,-2.5084825,-3.182378,-1.4568204,-1.6998821
323.028674108115,1.9195212,-0.028622,1.5361665,1.9970837,1.9059933,-0.2751138,-4.6280117,-4.247974,-4.9357905,-0.3848473,5.562848,2.9640956,-4.026363,-4.358708,-2.2360404,-2.0758803
327.2334488570279,-0.935776,-3.500033,-2.1545966,1.6242858,3.2336924,-0.29551762,-4.357632,-2.0170271,-4.752691,-3.795931,0.81181395,3.7197185,-3.9380727,-3.8074727,1.5292637,-2.891917
329.24916906370004,-1.1322315,-4.4069614,-0.5380009,1.9090645,3.3226702,0.20950182,-4.558341,-3.0584683,-4.88747,-4.4766626,-0.42234826,3.7796628,-4.196407,-4.263162,1.5628517,-2.3069897
331.2643761131768,-0.24582207,-4.6139774,-1.240112,1.6364836,3.2655597,0.6442508,-4.6303525,-1.9655702,-4.869359,-3.7546644,-0.29502106,3.8712206,-4.0652003,-4.1968517,1.2838389,-2.696031
333.09419689884004,1.7292813,-4.109235,-0.020726364,2.0079873,0.054088484,-0.18244268,0.7601841,-1.5581633,0.6267647,0.097224064,3.6851687,1.482723,1.6282129,0.93485445,-2.8837698,-0.5976658
347.04014579367134,1.178923,-0.6750886,1.8436449,2.0924199,2.583248,0.03946593,-4.048364,-3.9182162,-4.280352,-3.8789678,4.7627506,3.323794,-3.5130913,-3.7955,-2.113401,-0.7019747
360.9624010138954,-0.8614992,-3.703898,-4.1110344,-3.080277,-3.2966633,-3.6304107,1.1160965,-2.9615424,3.395601,-3.6008759,-2.907543,-0.35157365,2.6250145,-1.5646232,-3.0052202,-2.6621747
360.9714027015639,-2.1558695,0.67541075,1.2466645,2.8279092,2.8846784,-4.426677,-4.1404977,-4.009346,-4.4736485,-4.283764,2.497707,3.3179295,-3.672571,-3.9420474,-0.4085647,-1.5898567
362.051071780642,1.2150949,-3.0395534,2.5309355,2.7007756,1.6295055,-3.2852473,-3.8822038,-3.6346278,-4.262151,-3.4935153,4.779059,3.193078,-3.499378,-3.7280972,-2.7235296,-1.5478209
362.9596002952725,-0.67824763,-0.2091833,-3.5649526,0.7368389,-3.396547,-3.8326187,1.9703192,-3.6509664,2.4763596,-0.51396066,1.8321514,-3.231724,2.7269707,1.5414177,-3.2953546,-2.9109867
364.9569285058741,0.7371004,-1.4168817,-4.2647996,1.1785624,-2.3663642,-4.151914,1.5501893,-3.6596487,2.6821792,-0.07750388,2.5997725,-1.8905514,2.4506922,1.0404245,-3.510718,-1.9124278
382.9051074017063,-0.3688525,-3.4133182,-4.3808312,1.9864768,-2.4857988,-2.4930062,1.2097609,-3.597163,2.6767528,-0.26979604,0.8130411,-2.2501378,2.7248728,-1.9949999,-2.6092525,-1.5984198
384.9021188095627,0.9059527,-3.688861,-4.1202807,0.5584282,-2.6667843,-3.7616081,1.5422503,-3.030961,2.8125627,-3.1582155,0.9017787,-2.3829834,2.6837797,1.4885831,-2.5805302,-2.8776186
393.2782623168676,-3.2911422,-2.9179556,-4.23963,0.93035877,-2.8578503,-3.301575,1.2130102,-3.249968,3.1396358,-3.940579,-2.0373642,-2.8442078,2.718272,-0.120586574,-2.831702,-1.5286812
396.9206742817861,-0.23979773,-1.2888432,-2.9869454,2.1602404,1.0517232,0.23309673,0.9931821,-2.6746354,2.0932674,-2.4437034,3.7526796,-2.0843637,2.3240736,-1.1814748,-1.2695767,-0.6827654
398.9177721690224,1.0660673,-3.5804381,-3.5761406,1.6074365,0.7492254,0.27913737,1.3540984,-3.5958529,2.039258,-0.7223544,4.203108,-0.1883026,2.1661983,0.46815813,-2.3788772,-1.9225523
423.9395643825002,0.116835475,-3.4370847,-0.3122612,1.8007338,2.3406622,1.0242087,-0.8621675,-3.8390408,0.7724852,-1.7347784,2.9900331,3.1495109,-1.533302,-3.4759233,1.0069475,-0.4178491
437.9553421313627,0.35081208,-4.432049,-0.0052424367,2.7035432,2.445667,1.5082945,-3.6688478,-3.6164162,-4.418263,-4.507572,1.7849197,3.3608265,-3.6806064,-3.9455113,1.3270193,-1.9365653
439.9524092951356,0.36793414,-3.2903423,0.17258164,2.7938535,2.4253352,1.5507647,-3.701872,-3.2758925,-3.105495,-4.151354,2.3411853,3.4936295,-3.3990326,-3.5133498,0.35101908,-1.7516682
451.9709186513586,-1.4018021,-4.364758,-2.571667,2.877113,2.702224,1.6935889,-4.0100775,-3.9278402,-4.2293916,-4.290559,1.972081,3.5034068,-3.6896513,-3.8723433,0.2044877,-0.9069255
457.90052695249165,-1.6640877,-4.3937616,-0.6755717,2.8231568,2.710835,1.8162872,-3.9905403,-3.484218,-4.0468206,-4.121732,1.3536961,3.604916,-3.5897677,-3.7414122,1.1727948,-0.5646664
459.8977515489512,0.72943133,-3.2947423,-0.8546366,2.6629288,2.6069162,1.8965915,-4.02189,-3.547233,-3.8633783,-4.17488,1.7281697,3.6020706,-3.6979706,-3.6394594,0.7490614,-1.6135827
464.85043842507764,-0.5946146,-2.6872215,-4.0331497,1.0335255,-2.807233,-3.4123073,1.8435829,-3.2964911,2.8026593,-3.0251024,-0.1544298,-2.7335193,2.622101,0.7154912,-2.8457,-2.6864073
465.986391371257,-0.054500178,-4.9534354,-1.7820445,2.9624145,2.6169453,1.3496306,-4.6243215,-3.4848063,-4.800749,-4.7341576,1.6668429,3.3202496,-4.2154713,-4.438527,1.2658663,-0.09010682
466.84747244516325,0.99610823,-3.5809119,-3.6814065,0.95826155,-0.06637681,-2.5916357,1.1844748,-3.2836082,2.6215744,-1.0081955,0.6454071,-1.4940193,2.7058978,0.6449561,-2.0190318,-1.5768825
467.98362166700974,-1.4483734,-4.531312,-1.343082,3.0281703,2.7160034,1.3261065,-4.4354386,-3.770117,-4.7453003,-4.6203756,1.3512931,3.3950357,-4.13592,-4.2163415,1.4244577,-1.1731985
471.91621148448985,-2.4762545,-4.57233,-0.40701354,3.0000434,2.729483,1.5921074,-4.346826,-3.8272278,-4.7494392,-4.463691,1.2845411,3.399704,-4.1140585,-4.258192,1.234329,-1.014059
473.91335764945956,-0.70320517,-4.685535,-1.7772065,2.9219315,2.7928576,1.84565,-4.340189,-3.9619055,-4.6306143,-4.5397053,0.92644954,3.5694659,-3.9074688,-4.1384673,1.202683,-1.281886
528.2732926516458,-0.7374776,-4.957801,1.1992927,2.485404,2.9438434,0.5962999,-4.6241956,-3.7069333,-4.9077644,-4.7126145,0.07778311,3.5336647,-4.227468,-4.50894,1.545871,-0.18436979
788.5476587894711,-1.0549315,-2.8606977,0.3999873,2.311989,3.021824,0.01699525,-3.9660397,-3.441663,-4.341281,-4.017112,-1.7507145,3.4634495,-3.527637,-3.6250246,1.5630561,-0.29897967
885.553757973446,-0.29770246,-4.9911504,1.1334981,2.4203308,2.833587,0.29992956,-4.6334424,-3.3278944,-4.9102254,-4.770734,0.26785612,3.5455263,-4.3143682,-4.461687,1.3673649,-0.57482797
886.556970803666,-1.2270553,-4.2175775,1.654986,2.3168356,3.06262,0.24360923,-3.9310448,-3.551194,-4.311659,-4.087766,-0.122941256,3.6118467,-3.514704,-3.7182322,1.6388232,-1.3274146
